winery,id
Teso La Monja,1
Artadi,2
Vega Sicilia,3
Pago de Carraovejas,4
Toro Albala,5
Bodegas El Nido,6
Valdespino,7
Dominio de Pingus,8
Alvaro Palacios,9
Ordonez,10
Bodegas Valduero,11
Vina Sastre,12
Sierra Cantabria,13
Descendientes de J. Palacios,14
La Rioja Alta,15
Marques de Murrieta,16
Vinedos de Paganos,17
Emilio Moro,18
Quinta de la Quietud,19
Bodegas Mauro,20
Bodega Contador (Benjamin Romeo),21
Remirez de Ganuza,22
Bodegas San Roman,23
Pago de Los Capellanes,24
Bodega Numanthia,25
Alto Moncayo,26
Mas Doix,27
Finca Moncloa,28
Bodegas Roda,29
Martinet,30
Recaredo,31
Clos Erasmus,32
Barbadillo,33
Gonzalez-Byass,34
Bodegas Amaren,35
Alvear,36
Equipo Navazos,37
Morca,38
Territorio Luthier,39
Rafael Palacios,40
Terra Remota,41
Dehesa de Los Canonigos,42
Miguel Merino,43
Gutierrez de la Vega,44
Alion,45
Aalto,46
Carmelo Rodero,47
Dominio del Bendito,48
Mas d'en Gil,49
Casa Castillo,50
Matarromera,51
Nin-Ortiz,52
Vinas del Vero,53
Marques de Riscal,54
Arzuaga,55
Bodegas Mas Alta,56
Dominio de Calogia,57
Tomas Postigo,58
Cal Pla,59
Ossian,60
Cepa 21,61
Bodegas Vilano,62
Allende,63
Costers del Siurana,64
Hacienda Monasterio,65
Castillo Perelada,66
Osborne,67
Ysios,68
Marques de Grinon,69
Contino,70
Gramona,71
Dominio del Aguila,72
Hacienda Solano,73
Francisco Garcia Perez,74
Anima Negra,75
Castano,76
La Legua,77
Castillo de Cuzcurrita,78
Oxer Wines,79
Bodegas Yuste,80
Bodegas 6o Elemento - Vino Sexto Elemento,81
Proyecto Garnachas de Espana,82
Casal de Arman,83
Vall Llach,84
Pago de Larrainzar,85
Ukan Winery,86
Vina Real,87
Dominio de Atauta,88
Micro Bio (MicroBio),89
Terroir Al Limit Soc. Lda,90
Finca Torremilanos,91
Huerta de Albala,92
Gomez Cruzado,93
Castell d'Encus,94
Abadia Retuerta,95
Enate,96
Benjamin de Rothschild - Vega Sicilia,97
Bodegas Aragonesas,98
Telmo Rodriguez,99
Acustic Celler,100
Vina Pedrosa,101
Pintia,102
Belondrade,103
Muga,104
Clos Mogador,105
Bodegas Tradicion,106
Senorio de San Vicente,107
Francisco Barona,108
Juan Gil,109
Lan,110
R. Lopez de Heredia,111
Adama Wines,112
Milsetentayseis,113
Espectacle del Montsant,114
Tinto Pesquera,115
Ferrer Bobet,116
Familia Torres,117
Pazo Barrantes,118
Tio Pepe,119
Cruz de Alba,120
Emilio Rojo,121
Dominio de Es,122
Jesus Madrazo,123
Bodegas Naluar & Acediano,124
Marques de Caceres,125
Trus,126
Mestres,127
Chivite,128
Bodega Ribas,129
Vinas del Cenit,130
Mas del Serral,131
Cervoles,132
Diez Merito,133
Marques de Burgos,134
Penafiel,135
Tobia,136
Tresmano - Tr3smano,137
Sei Solo,138
Finca Villacreces,139
Virgen de la Asuncion,140
Romate,141
Sara Perez y Rene Barbier,142
Dehesa del Carrizal,143
Tarsus,144
Beronia,145
Monte Real,146
Divina Proporcion,147
Vina al Lado de la Casa,148
Marques de la Concordia,149
Agusti Torello Mata,150
Dominio de Cair,151
Valquejigoso,152
Veigamoura,153
Vizcarra,154
Legaris,155
Federico Paternina,156
Vinicola Real,157
Losada,158
Clos d'Agon,159
Sacristia AB,160
Uvaguilera Aguilera,161
Emilio Hidalgo,162
Altos del Terral,163
El Regajal,164
Valderiz,165
Jose Pariente,166
Amos Baneres,167
Scala Dei,168
Bodegas Valdelana,169
Abel Mendoza Monge,170
Anayon,171
Sierra Salinas,172
Vinos Sanz,173
Cerro San Cristobal,174
Altos de Rioja,175
Bodegas Celler Francisco Castillo - Clos Dominic,176
La Vinya del Vuit,177
Venus la Universal,178
Pedralonga,179
Atalaya,180
Matsu,181
Marques de Vargas,182
Volver,183
Tridente,184
Ausas,185
Cillar de Silos,186
Imperial,187
Ramos-Paul,188
Bodega de Bardos,189
Rodriguez Sanzo,190
Antidoto,191
Bosque de Matasnos,192
Altanza,193
Remelluri,194
Perinet,195
La Vicalanda,196
Monovar,197
Alvaro Domecq,198
Los Aguilares,199
Bodega Rento,200
Dominio do Bibei,201
Marco Abella,202
Javier Sanz Viticultor,203
Protos,204
Harveys,205
Orben,206
Jaro,207
Bodegas Ximenez-Spinola,208
Bodegas El Paraguas,209
Mustiguillo,210
Vina Pomal,211
Astrales,212
Merum Priorati,213
Hacienda Lopez de Haro,214
Cayetano del Pino,215
La Unica,216
Pazo Senorans,217
Fefinanes,218
Resalte,219
Figuero,220
Pinea,221
Portal del Priorat,222
Cims de Porrera,223
Casa Rojo,224
Murua,225
Vinyes Domenech,226
Pago de Vallegarcia,227
Eulogio Pomares,228
Sangenis I Vaque,229
Delgado Zuleta,230
VALENCISO,231
Mas Perinet,232
Luis A. Rodriguez Vazquez,233
Chozas Carrascal,234
Alonso del Yerro,235
Clos Figueras,236
Bodegas Monte La Reina,237
Ontanon,238
Alta Alella,239
Bodega Elias Mora,240
Joan Simo,241
Can Axartell,242
Juan Pinero,243
Mas Llunes,244
Bodegas Frontaura,245
Roig Parals,246
Avgvstvs,247
Jorge Ordonez,248
Ramon Bilbao,249
Leda,250
Enric Soler,251
Es Fangar,252
Cal Batllet - Celler Ripoll Sans,253
Llopart,254
Portia,255
Ostatu,256
Finca Valpiedra,257
Baigorri,258
Vivaltus,259
Comenge,260
Collbaix Celler El Moli,261
Martinez Lacuesta,262
Pujanza,263
Albet i Noya,264
Olivier Riviere,265
Bodegas Tierra,266
Torre de Ona,267
Do Ferreiro (Bodegas Gerardo Mendez),268
Martin Codax,269
Vinedos Hermanos Hernaiz,270
Freixenet,271
Azpilicueta,272
Veronica Salgado,273
Clos Galena,274
Bodegas Imperiales - Abadia de San Quirce,275
Marta Mate,276
Venta Las Vacas,277
Pago Calzadilla,278
Vivanco,279
Fernandez Gao,280
Museum,281
Farina,282
Galindo San Millan,283
Bodegas Casa Primicia,284
Castell Miquel,285
Barco del Corneta,286
Joan d'Anguera,287
Xaloc,288
Carlos Moro,289
Bodegas Luis Perez,290
Ladairo,291
Conreria d'Scala Dei,292
Traslascuestas,293
Lopez Cristobal,294
Codorniu,295
Sota els Angels,296
Berceo,297
Mas Blanch I Jove,298
Carlos Serres,299
David Moreno,300
Edra,301
Valdelosfrailes,302
Briego,303
Guillem Carol - Cellers Carol Valles,304
Barahonda,305
Particular,306
Bodegas Frontonio,307
Bodegas Asenjo & Manso,308
Luis Canas,309
Garmon,310
Williams & Humbert,311
Condado de Haza,312
Lustau,313
Bodegas Faustino,314
St. Petroni,315
Llanos Negros,316
Aster,317
Avancia,318
Marques de Tomares,319
Quinta Sardonia,320
Abadal,321
Hermanos Pecina,322
Biniagual,323
Breca,324
Pradorey,325
Terras Gauda,326
Bodega Tesalia,327
Pazo de Rubianes,328
Godeval,329
Bodegas Olarra,330
Taron,331
Sonsierra,332
Vins Miquel Gelabert,333
El Grillo y La Luna,334
De Moya,335
Campillo,336
Jean Leon,337
Bodegas Ateca,338
Bodega Campo Eliseo,339
Fernandez de Pierola,340
De Muller,341
Monteabellon,342
Pepe Mendoza Casa Agricola,343
Vinos Guerra,344
Neo,345
Terra d'Uro,346
Zarate,347
Noelia Bebelia,348
Marti Fabra,349
Palmeri Sicilia,350
Mas Que Vinos,351
Bodegas Estraunza,352
Pittacum,353
Bodega Sommos,354
Celler de Capcanes,355
Arinzano,356
Pago del Vostal,357
Habla,358
Rodriguez de Vera,359
Callejuela,360
El Maestro Sierra,361
Paco & Lola,362
Valtravieso,363
Costers del Priorat,364
Bodegas Urium,365
Bodega Otazu,366
Perez Barquero,367
Oller del Mas,368
Bodegas Clunia,369
Bodegas Ochoa,370
Ca l'Apotecari,371
Josep Grau Viticultor,372
Fos,373
Hacienda Grimon,374
Capafons-Osso,375
Can Rafols dels Caus,376
Raul Perez,377
Dominio de la Vega,378
Juve & Camps,379
Mas de les Pereres,380
Guilera,381
l'Infernal Combier Fischer Gerin,382
Jorge Piernas,383
Balandro,384
M. Antonio de la Riva,385
Espelt,386
Bodegas Arfe,387
Real de Asua,388
Vinyes dels Aspres,389
Valserrano,390
Shaya,391
Finca Rio Negro,392
Loxera,393
Dominio Fournier,394
Bodegas Yzaguirre,395
Neton,396
Bodega Aida i Luis,397
Cartoixa de Montsalvat,398
El Lagar de Isilla,399
Anibal de Otero,400
Altos del Enebro,401
Albamar,402
Can Bas,403
Atlantida,404
Atlan & Artisan,405
Olivardots,406
Lar de Paula,407
La Val,408
Tres Piedras,409
Javi Revert,410
Lambuena,411
Attis,412
San Cobate,413
Santa Petronila,414
Jimenez-Landi,415
Hidalgo (La Gitana),416
Gallina de Piel,417
Arid,418
Bodegas Reyes,419
Hugas de Batlle,420
Bodegas Arrocal,421
Buil & Gine,422
Castell del Remei,423
Valdubon,424
Bodegas Y Vinedos Alilian,425
Sebio,426
Goyo Garcia Viadero,427
Santiago Ruiz,428
Mauro Estevez,429
Mas Bertran,430
Bodegas Gama,431
Edetaria,432
Hacienda Zorita Natural Reserve,433
Ton Rimbau,434
Can Xanet,435
A Coroa,436
Alonso & Pedrajo,437
Mandia Vell,438
Bodega Juan Carlos Sancha,439
Valdecuevas,440
Algueira,441
Mocen,442
Estones,443
Bodega Tameran,444
Inurrieta,445
Flor de Chasna,446
Lagar de Sabariz,447
Naia,448
AGE,449
Navajas,450
Vinyes del Terrer,451
Cepas Familiares,452
Dominio de Loalva,453
Zifar,454
Bordalas Garcia,455
Rimarts,456
Pinna Fidelis,457
Loess,458
Dominio de Anza,459
Samsara,460
Cuentavinas,461
Felix Solis,462
El Coto,463
Mar de Frades,464
Montecastro,465
Bodegas La Horra,466
Baluarte,467
Hispano Suizas,468
Murviedro,469
Diez Caballero,470
Vegalfaro,471
Palacios Remondo,472
Fernando de Castilla,473
Bohorquez,474
Adega Familiar Eladio Pineiro,475
Culebron,476
Enrique Mendoza,477
Clos Pons,478
Ramon do Casar,479
Binigrau,480
