wine_id,type,type_id
1,Toro Red,1
2,Tempranillo,2
3,Ribera Del Duero Red,3
4,Ribera Del Duero Red,4
5,Ribera Del Duero Red,5
6,Ribera Del Duero Red,6
7,Ribera Del Duero Red,7
8,Ribera Del Duero Red,8
9,Ribera Del Duero Red,9
10,Ribera Del Duero Red,10
11,Ribera Del Duero Red,11
12,Ribera Del Duero Red,12
13,Ribera Del Duero Red,13
14,Ribera Del Duero Red,14
15,Pedro Ximenez,15
16,Ribera Del Duero Red,16
17,Ribera Del Duero Red,17
18,Ribera Del Duero Red,18
19,Red,19
20,Ribera Del Duero Red,20
21,Sherry,21
22,Ribera Del Duero Red,22
23,Ribera Del Duero Red,23
24,Pedro Ximenez,24
25,Ribera Del Duero Red,25
26,Ribera Del Duero Red,26
27,Pedro Ximenez,27
28,Priorat Red,28
29,Ribera Del Duero Red,29
30,Ribera Del Duero Red,30
31,Toro Red,31
32,Ribera Del Duero Red,32
33,Pedro Ximenez,33
34,Ribera Del Duero Red,34
35,Ribera Del Duero Red,35
36,Toro Red,36
37,Ribera Del Duero Red,37
38,Toro Red,38
39,Priorat Red,39
40,Rioja Red,40
41,Toro Red,41
42,Priorat Red,42
43,Toro Red,43
44,Red,44
45,Rioja Red,45
46,Priorat Red,46
47,Ribera Del Duero Red,47
48,Ribera Del Duero Red,48
49,Ribera Del Duero Red,49
50,Ribera Del Duero Red,50
51,Ribera Del Duero Red,51
52,Ribera Del Duero Red,52
53,Ribera Del Duero Red,53
54,Ribera Del Duero Red,54
55,Ribera Del Duero Red,55
56,Ribera Del Duero Red,56
57,Ribera Del Duero Red,57
58,Ribera Del Duero Red,58
59,Ribera Del Duero Red,59
60,Ribera Del Duero Red,60
61,Ribera Del Duero Red,61
62,Ribera Del Duero Red,62
63,Ribera Del Duero Red,63
64,Ribera Del Duero Red,64
65,Ribera Del Duero Red,65
66,Ribera Del Duero Red,66
67,Ribera Del Duero Red,67
68,Ribera Del Duero Red,68
69,Ribera Del Duero Red,69
70,Ribera Del Duero Red,70
71,Red,71
72,Red,72
73,Ribera Del Duero Red,73
74,Rioja White,74
75,Red,75
76,Red,76
77,Rioja Red,77
78,Ribera Del Duero Red,78
79,Ribera Del Duero Red,79
80,Ribera Del Duero Red,80
81,Ribera Del Duero Red,81
82,Ribera Del Duero Red,82
83,Ribera Del Duero Red,83
84,Ribera Del Duero Red,84
85,Ribera Del Duero Red,85
86,Red,86
87,Toro Red,87
88,Toro Red,88
89,Ribera Del Duero Red,89
90,Tempranillo,90
91,Rioja Red,91
92,Rioja Red,92
93,Ribera Del Duero Red,93
94,Rioja Red,94
95,Ribera Del Duero Red,95
96,Ribera Del Duero Red,96
97,Ribera Del Duero Red,97
98,Ribera Del Duero Red,98
99,Ribera Del Duero Red,99
100,Ribera Del Duero Red,100
101,Priorat Red,101
102,Toro Red,102
103,Ribera Del Duero Red,103
104,Ribera Del Duero Red,104
105,Ribera Del Duero Red,105
106,Priorat Red,106
107,Toro Red,107
108,Ribera Del Duero Red,108
109,Ribera Del Duero Red,109
110,Grenache,110
111,Ribera Del Duero Red,111
112,Pedro Ximenez,112
113,Ribera Del Duero Red,113
114,Rioja Red,114
115,Ribera Del Duero Red,115
116,Toro Red,116
117,Toro Red,117
118,Rioja Red,118
119,Ribera Del Duero Red,119
120,Priorat Red,120
121,,121
122,Ribera Del Duero Red,122
123,Rioja Red,123
124,Priorat Red,124
125,Red,125
126,Priorat Red,126
127,Ribera Del Duero Red,127
128,Priorat Red,128
129,Priorat Red,129
130,Cava,130
131,Ribera Del Duero Red,131
132,Priorat Red,132
133,Ribera Del Duero Red,133
134,Sherry,134
135,Rioja Red,135
136,Sherry,136
137,Red,137
138,Pedro Ximenez,138
139,Rioja Red,139
140,Rioja Red,140
141,Pedro Ximenez,141
142,Toro Red,142
143,Pedro Ximenez,143
144,Sherry,144
145,Grenache,145
146,Ribera Del Duero Red,146
147,Tempranillo,147
148,,148
149,Cava,149
150,Tempranillo,150
151,Ribera Del Duero Red,151
152,Red,152
153,Ribera Del Duero Red,153
154,Ribera Del Duero Red,154
155,Rioja Red,155
156,Priorat Red,156
157,,157
158,Rioja Red,158
159,Ribera Del Duero Red,159
160,Ribera Del Duero Red,160
161,Ribera Del Duero Red,161
162,Ribera Del Duero Red,162
163,Ribera Del Duero Red,163
164,Ribera Del Duero Red,164
165,Ribera Del Duero Red,165
166,Ribera Del Duero Red,166
167,Ribera Del Duero Red,167
168,Rioja Red,168
169,Ribera Del Duero Red,169
170,Ribera Del Duero Red,170
171,Ribera Del Duero Red,171
172,Ribera Del Duero Red,172
173,Ribera Del Duero Red,173
174,Ribera Del Duero Red,174
175,Toro Red,175
176,Toro Red,176
177,Ribera Del Duero Red,177
178,Ribera Del Duero Red,178
179,Ribera Del Duero Red,179
180,Ribera Del Duero Red,180
181,Ribera Del Duero Red,181
182,Ribera Del Duero Red,182
183,Ribera Del Duero Red,183
184,Toro Red,184
185,Ribera Del Duero Red,185
186,Ribera Del Duero Red,186
187,Tempranillo,187
188,Tempranillo,188
189,Ribera Del Duero Red,189
190,Rioja Red,190
191,Tempranillo,191
192,Ribera Del Duero Red,192
193,Rioja Red,193
194,Rioja Red,194
195,Rioja Red,195
196,Rioja Red,196
197,Ribera Del Duero Red,197
198,Rioja Red,198
199,Ribera Del Duero Red,199
200,Ribera Del Duero Red,200
201,Priorat Red,201
202,Ribera Del Duero Red,202
203,Ribera Del Duero Red,203
204,Ribera Del Duero Red,204
205,Ribera Del Duero Red,205
206,Ribera Del Duero Red,206
207,Tempranillo,207
208,Ribera Del Duero Red,208
209,Tempranillo,209
210,Priorat Red,210
211,Red,211
212,Tempranillo,212
213,Ribera Del Duero Red,213
214,Rioja Red,214
215,Toro Red,215
216,Priorat Red,216
217,Toro Red,217
218,Ribera Del Duero Red,218
219,Ribera Del Duero Red,219
220,Ribera Del Duero Red,220
221,Rioja Red,221
222,Tempranillo,222
223,Priorat Red,223
224,Tempranillo,224
225,Rioja Red,225
226,Red,226
227,Ribera Del Duero Red,227
228,Toro Red,228
229,Tempranillo,229
230,Priorat Red,230
231,Tempranillo,231
232,Tempranillo,232
233,Ribera Del Duero Red,233
234,Ribera Del Duero Red,234
235,Ribera Del Duero Red,235
236,Priorat Red,236
237,Tempranillo,237
238,Priorat Red,238
239,Ribera Del Duero Red,239
240,Ribera Del Duero Red,240
241,Ribera Del Duero Red,241
242,Tempranillo,242
243,Priorat Red,243
244,Ribera Del Duero Red,244
245,Toro Red,245
246,Verdejo,246
247,Ribera Del Duero Red,247
248,Grenache,248
249,Ribera Del Duero Red,249
250,Ribera Del Duero Red,250
251,Ribera Del Duero Red,251
252,Ribera Del Duero Red,252
253,Ribera Del Duero Red,253
254,Rioja Red,254
255,,255
256,Ribera Del Duero Red,256
257,Rioja Red,257
258,Rioja Red,258
259,Toro Red,259
260,Ribera Del Duero Red,260
261,Ribera Del Duero Red,261
262,Rioja Red,262
263,Ribera Del Duero Red,263
264,Ribera Del Duero Red,264
265,Ribera Del Duero Red,265
266,Priorat Red,266
267,Syrah,267
268,Sherry,268
269,Ribera Del Duero Red,269
270,Rioja Red,270
271,Pedro Ximenez,271
272,Cava,272
273,Priorat Red,273
274,Ribera Del Duero Red,274
275,Pedro Ximenez,275
276,Priorat Red,276
277,Ribera Del Duero Red,277
278,Rioja Red,278
279,Red,279
280,Rioja Red,280
281,Priorat Red,281
282,Rioja Red,282
283,Priorat Red,283
284,Cava,284
285,Grenache,285
286,Ribera Del Duero Red,286
287,Ribera Del Duero Red,287
288,Priorat Red,288
289,,289
290,Red,290
291,Priorat Red,291
292,Ribera Del Duero Red,292
293,Monastrell,293
294,Mencia,294
295,Red,295
296,Ribera Del Duero Red,296
297,Rioja Red,297
298,Rioja Red,298
299,Sherry,299
300,Ribera Del Duero Red,300
301,Red,301
302,Rioja Red,302
303,Ribera Del Duero Red,303
304,,304
305,Priorat Red,305
306,Tempranillo,306
307,Rioja Red,307
308,Ribera Del Duero Red,308
309,Tempranillo,309
310,Priorat Red,310
311,Priorat Red,311
312,Rioja Red,312
313,,313
314,Ribera Del Duero Red,314
315,Ribera Del Duero Red,315
316,Rioja Red,316
317,Mencia,317
318,Rioja Red,318
319,,319
320,Priorat Red,320
321,Rioja Red,321
322,Ribera Del Duero Red,322
323,Pedro Ximenez,323
324,Verdejo,324
325,Ribera Del Duero Red,325
326,Priorat Red,326
327,Ribera Del Duero Red,327
328,Tempranillo,328
329,Red,329
330,Rioja Red,330
331,Red,331
332,Red,332
333,Priorat Red,333
334,Ribera Del Duero Red,334
335,Red,335
336,Red,336
337,Rioja Red,337
338,Priorat Red,338
339,Red,339
340,Red,340
341,,341
342,Red,342
343,Ribera Del Duero Red,343
344,Priorat Red,344
345,Priorat Red,345
346,Ribera Del Duero Red,346
347,Sherry,347
348,Sparkling,348
349,Pedro Ximenez,349
350,Ribera Del Duero Red,350
351,Ribera Del Duero Red,351
352,Ribera Del Duero Red,352
353,Toro Red,353
354,Ribera Del Duero Red,354
355,Ribera Del Duero Red,355
356,Toro Red,356
357,Ribera Del Duero Red,357
358,Ribera Del Duero Red,358
359,Rioja Red,359
360,Rioja Red,360
361,Rioja Red,361
362,Toro Red,362
363,Ribera Del Duero Red,363
364,Ribera Del Duero Red,364
365,Red,365
366,Ribera Del Duero Red,366
367,Ribera Del Duero Red,367
368,Ribera Del Duero Red,368
369,Red,369
370,Red,370
371,Ribera Del Duero Red,371
372,Ribera Del Duero Red,372
373,Rioja Red,373
374,Ribera Del Duero Red,374
375,Red,375
376,Grenache,376
377,Ribera Del Duero Red,377
378,Ribera Del Duero Red,378
379,Rioja Red,379
380,Ribera Del Duero Red,380
381,Verdejo,381
382,Ribera Del Duero Red,382
383,Ribera Del Duero Red,383
384,Ribera Del Duero Red,384
385,Rioja Red,385
386,Rioja Red,386
387,Rioja Red,387
388,Rioja Red,388
389,Verdejo,389
390,Priorat Red,390
391,Pedro Ximenez,391
392,Rioja Red,392
393,Rioja Red,393
394,Toro Red,394
395,Ribera Del Duero Red,395
396,Priorat Red,396
397,Rioja Red,397
398,Ribera Del Duero Red,398
399,Ribera Del Duero Red,399
400,Rioja Red,400
401,Red,401
402,Rioja Red,402
403,Rioja Red,403
404,Rioja Red,404
405,Ribera Del Duero Red,405
406,Ribera Del Duero Red,406
407,Ribera Del Duero Red,407
408,Rioja Red,408
409,Priorat Red,409
410,Ribera Del Duero Red,410
411,Ribera Del Duero Red,411
412,Rioja Red,412
413,Ribera Del Duero Red,413
414,Ribera Del Duero Red,414
415,Ribera Del Duero Red,415
416,Monastrell,416
417,Rioja Red,417
418,Rioja Red,418
419,Priorat Red,419
420,Monastrell,420
421,Tempranillo,421
422,Toro Red,422
423,Rioja Red,423
424,Ribera Del Duero Red,424
425,Rioja Red,425
426,Red,426
427,Ribera Del Duero Red,427
428,Toro Red,428
429,Red,429
430,Rioja Red,430
431,Priorat Red,431
432,Rioja Red,432
433,Ribera Del Duero Red,433
434,Ribera Del Duero Red,434
435,Rioja Red,435
436,Ribera Del Duero Red,436
437,Ribera Del Duero Red,437
438,Ribera Del Duero Red,438
439,Montsant Red,439
440,Ribera Del Duero Red,440
441,Ribera Del Duero Red,441
442,Priorat Red,442
443,Ribera Del Duero Red,443
444,Rioja Red,444
445,Ribera Del Duero Red,445
446,Priorat Red,446
447,Priorat Red,447
448,Rioja Red,448
449,Ribera Del Duero Red,449
450,Ribera Del Duero Red,450
451,Ribera Del Duero Red,451
452,Red,452
453,Ribera Del Duero Red,453
454,Albarino,454
455,Ribera Del Duero Red,455
456,Sherry,456
457,Syrah,457
458,Verdejo,458
459,Toro Red,459
460,Rioja Red,460
461,Rioja Red,461
462,Pedro Ximenez,462
463,Rioja White,463
464,Ribera Del Duero Red,464
465,Rioja Red,465
466,Verdejo,466
467,Cava,467
468,Rioja Red,468
469,Ribera Del Duero Red,469
470,Red,470
471,Ribera Del Duero Red,471
472,Cava,472
473,Priorat Red,473
474,Ribera Del Duero Red,474
475,Rioja Red,475
476,Ribera Del Duero Red,476
477,Tempranillo,477
478,,478
479,Ribera Del Duero Red,479
480,Syrah,480
481,Priorat Red,481
482,Ribera Del Duero Red,482
483,Ribera Del Duero Red,483
484,Ribera Del Duero Red,484
485,Red,485
486,Priorat Red,486
487,Ribera Del Duero Red,487
488,Ribera Del Duero Red,488
489,,489
490,Priorat Red,490
491,Ribera Del Duero Red,491
492,Ribera Del Duero Red,492
493,Rioja Red,493
494,Ribera Del Duero Red,494
495,Ribera Del Duero Red,495
496,Rioja Red,496
497,Ribera Del Duero Red,497
498,Rioja Red,498
499,Ribera Del Duero Red,499
500,Rioja Red,500
501,Monastrell,501
502,Rioja Red,502
503,Cava,503
504,Priorat Red,504
505,Toro Red,505
506,Chardonnay,506
507,Rioja Red,507
508,Chardonnay,508
509,Pedro Ximenez,509
510,Red,510
511,Tempranillo,511
512,Tempranillo,512
513,Rioja Red,513
514,Ribera Del Duero Red,514
515,Sparkling,515
516,Red,516
517,Red,517
518,Sherry,518
519,Sherry,519
520,Rioja Red,520
521,Red,521
522,Ribera Del Duero Red,522
523,Rioja Red,523
524,Ribera Del Duero Red,524
525,Rioja White,525
526,Priorat Red,526
527,Priorat Red,527
528,Ribera Del Duero Red,528
529,Ribera Del Duero Red,529
530,Priorat Red,530
531,Tempranillo,531
532,Ribera Del Duero Red,532
533,Priorat Red,533
534,Priorat Red,534
535,Rioja Red,535
536,Rioja Red,536
537,Tempranillo,537
538,Priorat Red,538
539,Ribera Del Duero Red,539
540,Rioja Red,540
541,Ribera Del Duero Red,541
542,Priorat Red,542
543,Tempranillo,543
544,Ribera Del Duero Red,544
545,Rioja Red,545
546,Rioja White,546
547,Rioja Red,547
548,Sherry,548
549,Rioja Red,549
550,Ribera Del Duero Red,550
551,Priorat Red,551
552,Ribera Del Duero Red,552
553,Priorat Red,553
554,Red,554
555,Tempranillo,555
556,Ribera Del Duero Red,556
557,Rioja Red,557
558,Red,558
559,Ribera Del Duero Red,559
560,Rioja Red,560
561,Rioja Red,561
562,Pedro Ximenez,562
563,Ribera Del Duero Red,563
564,Red,564
565,Toro Red,565
566,Monastrell,566
567,Ribera Del Duero Red,567
568,Rioja Red,568
569,Cava,569
570,Verdejo,570
571,Ribera Del Duero Red,571
572,Ribera Del Duero Red,572
573,Red,573
574,Priorat Red,574
575,Priorat Red,575
576,Priorat Red,576
577,,577
578,Ribera Del Duero Red,578
579,Ribera Del Duero Red,579
580,Priorat Red,580
581,Ribera Del Duero Red,581
582,Rioja Red,582
583,Rioja Red,583
584,Red,584
585,Rioja Red,585
586,Toro Red,586
587,Mencia,587
588,Red,588
589,Sherry,589
590,Red,590
591,Ribera Del Duero Red,591
592,Rioja Red,592
593,Ribera Del Duero Red,593
594,Ribera Del Duero Red,594
595,Red,595
596,Red,596
597,Pedro Ximenez,597
598,Ribera Del Duero Red,598
599,Pedro Ximenez,599
600,Grenache,600
601,Rioja Red,601
602,Priorat Red,602
603,Mencia,603
604,Syrah,604
605,Rioja Red,605
606,Red,606
607,Ribera Del Duero Red,607
608,Verdejo,608
609,Ribera Del Duero Red,609
610,Red,610
611,,611
612,Priorat Red,612
613,Sherry,613
614,Tempranillo,614
615,Priorat Red,615
616,Rioja Red,616
617,Grenache,617
618,Ribera Del Duero Red,618
619,Rioja Red,619
620,Red,620
621,Red,621
622,Cava,622
623,Red,623
624,Cabernet Sauvignon,624
625,Sauvignon Blanc,625
626,Red,626
627,Rioja White,627
628,Priorat Red,628
629,Priorat Red,629
630,Montsant Red,630
631,Albarino,631
632,Ribera Del Duero Red,632
633,Toro Red,633
634,Toro Red,634
635,Toro Red,635
636,Rioja Red,636
637,Ribera Del Duero Red,637
638,Rioja Red,638
639,Rioja Red,639
640,Ribera Del Duero Red,640
641,Rioja Red,641
642,Ribera Del Duero Red,642
643,Ribera Del Duero Red,643
644,Rioja Red,644
645,Rioja Red,645
646,Red,646
647,Red,647
648,Red,648
649,Ribera Del Duero Red,649
650,Ribera Del Duero Red,650
651,Rioja Red,651
652,Rioja Red,652
653,Rioja Red,653
654,Ribera Del Duero Red,654
655,Ribera Del Duero Red,655
656,Rioja Red,656
657,Rioja Red,657
658,Grenache,658
659,Rioja Red,659
660,Rioja Red,660
661,Ribera Del Duero Red,661
662,Ribera Del Duero Red,662
663,Red,663
664,Ribera Del Duero Red,664
665,Rioja Red,665
666,Ribera Del Duero Red,666
667,Rioja Red,667
668,Rioja Red,668
669,Toro Red,669
670,Ribera Del Duero Red,670
671,Toro Red,671
672,Rioja Red,672
673,Cava,673
674,Ribera Del Duero Red,674
675,Rioja Red,675
676,Grenache,676
677,Rioja Red,677
678,Ribera Del Duero Red,678
679,Grenache,679
680,Ribera Del Duero Red,680
681,Priorat Red,681
682,Rioja Red,682
683,Ribera Del Duero Red,683
684,Ribera Del Duero Red,684
685,Tempranillo,685
686,Ribera Del Duero Red,686
687,Ribera Del Duero Red,687
688,Rioja Red,688
689,Ribera Del Duero Red,689
690,Ribera Del Duero Red,690
691,Tempranillo,691
692,Red,692
693,Sherry,693
694,Ribera Del Duero Red,694
695,Rioja Red,695
696,Grenache,696
697,Red,697
698,Rioja Red,698
699,Sherry,699
700,Toro Red,700
701,Priorat Red,701
702,Priorat Red,702
703,Rioja Red,703
704,Grenache,704
705,Rioja Red,705
706,Ribera Del Duero Red,706
707,Rioja Red,707
708,Tempranillo,708
709,Priorat Red,709
710,Rioja Red,710
711,Ribera Del Duero Red,711
712,Rioja Red,712
713,Tempranillo,713
714,Priorat Red,714
715,Priorat Red,715
716,Ribera Del Duero Red,716
717,Rioja Red,717
718,Rioja Red,718
719,Ribera Del Duero Red,719
720,Priorat Red,720
721,Rioja Red,721
722,Rioja Red,722
723,Rioja Red,723
724,Rioja Red,724
725,Rioja Red,725
726,Sherry,726
727,Ribera Del Duero Red,727
728,Ribera Del Duero Red,728
729,Ribera Del Duero Red,729
730,Ribera Del Duero Red,730
731,Ribera Del Duero Red,731
732,Tempranillo,732
733,Ribera Del Duero Red,733
734,Toro Red,734
735,Ribera Del Duero Red,735
736,Rioja Red,736
737,Toro Red,737
738,Rioja Red,738
739,Ribera Del Duero Red,739
740,Red,740
741,Tempranillo,741
742,Red,742
743,Ribera Del Duero Red,743
744,Toro Red,744
745,,745
746,Ribera Del Duero Red,746
747,Rioja Red,747
748,Ribera Del Duero Red,748
749,Grenache,749
750,Ribera Del Duero Red,750
751,Toro Red,751
752,Rioja Red,752
753,Ribera Del Duero Red,753
754,Rioja Red,754
755,Rioja Red,755
756,Ribera Del Duero Red,756
757,,757
758,,758
759,Ribera Del Duero Red,759
760,Red,760
761,Rioja Red,761
762,Rioja Red,762
763,Priorat Red,763
764,Pedro Ximenez,764
765,Ribera Del Duero Red,765
766,Cava,766
767,Priorat Red,767
768,Priorat Red,768
769,Red,769
770,Red,770
771,Rioja Red,771
772,Rioja Red,772
773,Rioja Red,773
774,Rioja Red,774
775,Tempranillo,775
776,Ribera Del Duero Red,776
777,Rioja Red,777
778,Rioja Red,778
779,Priorat Red,779
780,Cava,780
781,Red,781
782,Red,782
783,Rioja Red,783
784,Red,784
785,Sherry,785
786,Priorat Red,786
787,Ribera Del Duero Red,787
788,Rioja Red,788
789,Rioja Red,789
790,Priorat Red,790
791,Verdejo,791
792,Ribera Del Duero Red,792
793,Ribera Del Duero Red,793
794,Red,794
795,Ribera Del Duero Red,795
796,Ribera Del Duero Red,796
797,,797
798,Chardonnay,798
799,Cava,799
800,Rioja White,800
801,Monastrell,801
802,,802
803,Rioja Red,803
804,Rioja Red,804
805,Tempranillo,805
806,Priorat Red,806
807,Priorat Red,807
808,Priorat Red,808
809,Priorat Red,809
810,Priorat Red,810
811,Monastrell,811
812,Rioja Red,812
813,Ribera Del Duero Red,813
814,Montsant Red,814
815,Rioja Red,815
816,Verdejo,816
817,Cava,817
818,Montsant Red,818
819,Tempranillo,819
820,Rioja Red,820
821,Priorat Red,821
822,Ribera Del Duero Red,822
823,Rioja Red,823
824,Tempranillo,824
825,Ribera Del Duero Red,825
826,Sherry,826
827,Rioja Red,827
828,Rioja Red,828
829,Rioja Red,829
830,Rioja Red,830
831,Tempranillo,831
832,Ribera Del Duero Red,832
833,Tempranillo,833
834,Tempranillo,834
835,Rioja Red,835
836,Ribera Del Duero Red,836
837,Ribera Del Duero Red,837
838,Ribera Del Duero Red,838
839,Pedro Ximenez,839
840,,840
841,Red,841
842,Priorat Red,842
843,Rioja Red,843
844,Priorat Red,844
845,Rioja White,845
846,Ribera Del Duero Red,846
847,Priorat Red,847
848,Rioja Red,848
849,,849
850,Grenache,850
851,Sherry,851
852,Tempranillo,852
853,Rioja White,853
854,Albarino,854
855,Albarino,855
856,Ribera Del Duero Red,856
857,Priorat Red,857
858,Cava,858
859,Priorat Red,859
860,Priorat Red,860
861,Rioja White,861
862,Priorat Red,862
863,Ribera Del Duero Red,863
864,Priorat Red,864
865,Ribera Del Duero Red,865
866,Tempranillo,866
867,Tempranillo,867
868,Sherry,868
869,Ribera Del Duero Red,869
870,Tempranillo,870
871,Ribera Del Duero Red,871
872,Priorat Red,872
873,Priorat Red,873
874,Priorat Red,874
875,Tempranillo,875
876,Priorat Red,876
877,Ribera Del Duero Red,877
878,Priorat Red,878
879,Priorat Red,879
880,Priorat Red,880
881,Monastrell,881
882,Rioja Red,882
883,Priorat Red,883
884,Ribera Del Duero Red,884
885,Cava,885
886,Priorat Red,886
887,Rioja Red,887
888,,888
889,Priorat Red,889
890,Montsant Red,890
891,Ribera Del Duero Red,891
892,Pedro Ximenez,892
893,,893
894,Tempranillo,894
895,Priorat Red,895
896,Priorat Red,896
897,Red,897
898,Syrah,898
899,Ribera Del Duero Red,899
900,Ribera Del Duero Red,900
901,Albarino,901
902,Pedro Ximenez,902
903,Rioja Red,903
904,Monastrell,904
905,Rioja Red,905
906,Priorat Red,906
907,Rioja Red,907
908,Sherry,908
909,,909
910,Red,910
911,Priorat Red,911
912,Rioja Red,912
913,Tempranillo,913
914,Priorat Red,914
915,Montsant Red,915
916,Priorat Red,916
917,,917
918,Tempranillo,918
919,Ribera Del Duero Red,919
920,Priorat Red,920
921,Rioja Red,921
922,Priorat Red,922
923,Ribera Del Duero Red,923
924,Red,924
925,Ribera Del Duero Red,925
926,Red,926
927,Ribera Del Duero Red,927
928,Ribera Del Duero Red,928
929,Tempranillo,929
930,Priorat Red,930
931,Toro Red,931
932,Ribera Del Duero Red,932
933,Sherry,933
934,Rioja Red,934
935,Priorat Red,935
936,Pedro Ximenez,936
937,Priorat Red,937
938,Ribera Del Duero Red,938
939,,939
940,Rioja Red,940
941,Rioja Red,941
942,Toro Red,942
943,Rioja Red,943
944,Toro Red,944
945,Tempranillo,945
946,Priorat Red,946
947,Rioja White,947
948,Red,948
949,Sherry,949
950,Albarino,950
951,Priorat Red,951
952,Red,952
953,Rioja White,953
954,Red,954
955,Red,955
956,Mencia,956
957,Tempranillo,957
958,Rioja Red,958
959,Ribera Del Duero Red,959
960,Tempranillo,960
961,Red,961
962,Rioja Red,962
963,Red,963
964,Ribera Del Duero Red,964
965,Sherry,965
966,Red,966
967,Priorat Red,967
968,,968
969,Rioja Red,969
970,Red,970
971,Red,971
972,Rioja Red,972
973,Rioja Red,973
974,Priorat Red,974
975,Ribera Del Duero Red,975
976,Cava,976
977,Cabernet Sauvignon,977
978,Cava,978
979,Ribera Del Duero Red,979
980,Priorat Red,980
981,Tempranillo,981
982,,982
983,Priorat Red,983
984,,984
985,Priorat Red,985
986,Cava,986
987,Ribera Del Duero Red,987
988,Ribera Del Duero Red,988
989,Priorat Red,989
990,Red,990
991,Rioja Red,991
992,Ribera Del Duero Red,992
993,Rioja Red,993
994,Grenache,994
995,Rioja Red,995
996,Cava,996
997,Tempranillo,997
998,Priorat Red,998
999,Rioja Red,999
1000,Ribera Del Duero Red,1000
1001,Ribera Del Duero Red,1001
1002,Ribera Del Duero Red,1002
1003,Cabernet Sauvignon,1003
1004,Priorat Red,1004
1005,Rioja Red,1005
1006,Rioja Red,1006
1007,Rioja Red,1007
1008,Rioja White,1008
1009,Cava,1009
1010,Red,1010
1011,Rioja Red,1011
1012,Sherry,1012
1013,Rioja Red,1013
1014,Rioja Red,1014
1015,Tempranillo,1015
1016,Rioja Red,1016
1017,Priorat Red,1017
1018,Pedro Ximenez,1018
1019,Rioja Red,1019
1020,Albarino,1020
1021,Ribera Del Duero Red,1021
1022,Rioja White,1022
1023,Red,1023
1024,Ribera Del Duero Red,1024
1025,Albarino,1025
1026,Rioja Red,1026
1027,Priorat Red,1027
1028,Rioja Red,1028
1029,Priorat Red,1029
1030,Cava,1030
1031,Rioja Red,1031
1032,Sauvignon Blanc,1032
1033,Ribera Del Duero Red,1033
1034,Rioja Red,1034
1035,Priorat Red,1035
1036,Rioja Red,1036
1037,Sherry,1037
1038,Ribera Del Duero Red,1038
1039,Ribera Del Duero Red,1039
1040,Red,1040
1041,,1041
1042,Ribera Del Duero Red,1042
1043,Ribera Del Duero Red,1043
1044,Ribera Del Duero Red,1044
1045,Rioja Red,1045
1046,Red,1046
1047,Rioja Red,1047
1048,Sherry,1048
1049,Rioja Red,1049
1050,Pedro Ximenez,1050
1051,Tempranillo,1051
1052,Rioja Red,1052
1053,Rioja White,1053
1054,Pedro Ximenez,1054
1055,Red,1055
1056,Rioja Red,1056
1057,Sherry,1057
1058,Toro Red,1058
1059,Ribera Del Duero Red,1059
1060,,1060
1061,Red,1061
1062,Sherry,1062
1063,Ribera Del Duero Red,1063
1064,Rioja Red,1064
1065,Rioja Red,1065
1066,Priorat Red,1066
1067,,1067
1068,,1068
1069,Montsant Red,1069
1070,Albarino,1070
1071,Ribera Del Duero Red,1071
1072,Red,1072
1073,Red,1073
1074,Priorat Red,1074
1075,Red,1075
1076,Rioja White,1076
1077,Verdejo,1077
1078,Rioja Red,1078
1079,Red,1079
1080,Red,1080
1081,Priorat Red,1081
1082,,1082
1083,Ribera Del Duero Red,1083
1084,Rioja Red,1084
1085,Priorat Red,1085
1086,Rioja Red,1086
1087,Ribera Del Duero Red,1087
1088,Cava,1088
1089,Priorat Red,1089
1090,Red,1090
1091,Rioja Red,1091
1092,Sherry,1092
1093,Pedro Ximenez,1093
1094,Red,1094
1095,Rioja Red,1095
1096,Rioja Red,1096
1097,Red,1097
1098,Rioja Red,1098
1099,Ribera Del Duero Red,1099
1100,Red,1100
1101,Toro Red,1101
1102,,1102
1103,Rioja Red,1103
1104,Tempranillo,1104
1105,Rioja White,1105
1106,Ribera Del Duero Red,1106
1107,Cava,1107
1108,Monastrell,1108
1109,Red,1109
1110,Rioja White,1110
1111,Rioja Red,1111
1112,Grenache,1112
1113,Grenache,1113
1114,Ribera Del Duero Red,1114
1115,Rioja Red,1115
1116,Rioja Red,1116
1117,,1117
1118,Red,1118
1119,Rioja Red,1119
1120,Toro Red,1120
1121,Red,1121
1122,Rioja Red,1122
1123,Ribera Del Duero Red,1123
1124,Ribera Del Duero Red,1124
1125,Rioja Red,1125
1126,Ribera Del Duero Red,1126
1127,Ribera Del Duero Red,1127
1128,Rioja Red,1128
1129,Ribera Del Duero Red,1129
1130,Ribera Del Duero Red,1130
1131,Rioja Red,1131
1132,Red,1132
1133,Ribera Del Duero Red,1133
1134,Ribera Del Duero Red,1134
1135,Ribera Del Duero Red,1135
1136,Rioja Red,1136
1137,Cabernet Sauvignon,1137
1138,Ribera Del Duero Red,1138
1139,Ribera Del Duero Red,1139
1140,Ribera Del Duero Red,1140
1141,Toro Red,1141
1142,Toro Red,1142
1143,Rioja Red,1143
1144,Rioja Red,1144
1145,Ribera Del Duero Red,1145
1146,Toro Red,1146
1147,Rioja Red,1147
1148,Toro Red,1148
1149,Toro Red,1149
1150,Ribera Del Duero Red,1150
1151,Ribera Del Duero Red,1151
1152,Ribera Del Duero Red,1152
1153,Toro Red,1153
1154,Toro Red,1154
1155,Cabernet Sauvignon,1155
1156,Toro Red,1156
1157,Toro Red,1157
1158,Ribera Del Duero Red,1158
1159,Ribera Del Duero Red,1159
1160,Rioja Red,1160
1161,Grenache,1161
1162,Rioja Red,1162
1163,Rioja Red,1163
1164,Rioja Red,1164
1165,Rioja Red,1165
1166,Ribera Del Duero Red,1166
1167,Sherry,1167
1168,Rioja Red,1168
1169,Ribera Del Duero Red,1169
1170,Rioja Red,1170
1171,Rioja Red,1171
1172,Sherry,1172
1173,Rioja Red,1173
1174,Ribera Del Duero Red,1174
1175,Verdejo,1175
1176,Verdejo,1176
1177,Toro Red,1177
1178,Ribera Del Duero Red,1178
1179,Rioja Red,1179
1180,Rioja Red,1180
1181,Red,1181
1182,Rioja Red,1182
1183,Pedro Ximenez,1183
1184,Rioja Red,1184
1185,Ribera Del Duero Red,1185
1186,Rioja Red,1186
1187,Ribera Del Duero Red,1187
1188,Rioja Red,1188
1189,Rioja Red,1189
1190,Rioja Red,1190
1191,Rioja Red,1191
1192,Rioja Red,1192
1193,Verdejo,1193
1194,Toro Red,1194
1195,Rioja Red,1195
1196,Priorat Red,1196
1197,Rioja Red,1197
1198,Priorat Red,1198
1199,Rioja Red,1199
1200,Rioja Red,1200
1201,Rioja Red,1201
1202,Toro Red,1202
1203,Rioja Red,1203
1204,Rioja Red,1204
1205,Rioja Red,1205
1206,Red,1206
1207,Rioja Red,1207
1208,Rioja Red,1208
1209,Priorat Red,1209
1210,Ribera Del Duero Red,1210
1211,Toro Red,1211
1212,Red,1212
1213,Rioja Red,1213
1214,Rioja Red,1214
1215,Rioja Red,1215
1216,Ribera Del Duero Red,1216
1217,Chardonnay,1217
1218,Toro Red,1218
1219,Rioja Red,1219
1220,Rioja Red,1220
1221,Red,1221
1222,Ribera Del Duero Red,1222
1223,Priorat Red,1223
1224,Priorat Red,1224
1225,Chardonnay,1225
1226,Ribera Del Duero Red,1226
1227,Priorat Red,1227
1228,Sherry,1228
1229,Albarino,1229
1230,Ribera Del Duero Red,1230
1231,Cabernet Sauvignon,1231
1232,Ribera Del Duero Red,1232
1233,Rioja Red,1233
1234,Ribera Del Duero Red,1234
1235,Ribera Del Duero Red,1235
1236,Ribera Del Duero Red,1236
1237,Ribera Del Duero Red,1237
1238,Ribera Del Duero Red,1238
1239,Priorat Red,1239
1240,Priorat Red,1240
1241,Priorat Red,1241
1242,Priorat Red,1242
1243,Toro Red,1243
1244,Ribera Del Duero Red,1244
1245,Rioja Red,1245
1246,Priorat Red,1246
1247,Rioja White,1247
1248,Pedro Ximenez,1248
1249,Rioja Red,1249
1250,Tempranillo,1250
1251,Rioja Red,1251
1252,Rioja Red,1252
1253,Priorat Red,1253
1254,Priorat Red,1254
1255,Priorat Red,1255
1256,Ribera Del Duero Red,1256
1257,Rioja Red,1257
1258,Rioja Red,1258
1259,Rioja Red,1259
1260,Rioja Red,1260
1261,Verdejo,1261
1262,Rioja Red,1262
1263,Ribera Del Duero Red,1263
1264,Rioja Red,1264
1265,Ribera Del Duero Red,1265
1266,,1266
1267,Toro Red,1267
1268,Rioja White,1268
1269,,1269
1270,Ribera Del Duero Red,1270
1271,Rioja Red,1271
1272,Ribera Del Duero Red,1272
1273,Ribera Del Duero Red,1273
1274,Rioja Red,1274
1275,Ribera Del Duero Red,1275
1276,Rioja Red,1276
1277,Grenache,1277
1278,Red,1278
1279,Priorat Red,1279
1280,Priorat Red,1280
1281,,1281
1282,Priorat Red,1282
1283,Ribera Del Duero Red,1283
1284,Rioja Red,1284
1285,Grenache,1285
1286,Ribera Del Duero Red,1286
1287,Red,1287
1288,Rioja Red,1288
1289,Priorat Red,1289
1290,Red,1290
1291,Ribera Del Duero Red,1291
1292,Red,1292
1293,Toro Red,1293
1294,Syrah,1294
1295,Priorat Red,1295
1296,Rioja Red,1296
1297,,1297
1298,Red,1298
1299,Grenache,1299
1300,Toro Red,1300
1301,Rioja Red,1301
1302,,1302
1303,Ribera Del Duero Red,1303
1304,Albarino,1304
1305,Syrah,1305
1306,Rioja Red,1306
1307,Toro Red,1307
1308,Rioja Red,1308
1309,Rioja Red,1309
1310,Ribera Del Duero Red,1310
1311,Priorat Red,1311
1312,Ribera Del Duero Red,1312
1313,Ribera Del Duero Red,1313
1314,,1314
1315,Red,1315
1316,Albarino,1316
1317,Rioja Red,1317
1318,Priorat Red,1318
1319,Rioja Red,1319
1320,,1320
1321,Rioja Red,1321
1322,Toro Red,1322
1323,Priorat Red,1323
1324,Priorat Red,1324
1325,Ribera Del Duero Red,1325
1326,Rioja Red,1326
1327,Rioja Red,1327
1328,,1328
1329,Ribera Del Duero Red,1329
1330,Priorat Red,1330
1331,Toro Red,1331
1332,Chardonnay,1332
1333,Priorat Red,1333
1334,Ribera Del Duero Red,1334
1335,,1335
1336,Rioja Red,1336
1337,Rioja Red,1337
1338,Red,1338
1339,Rioja Red,1339
1340,Ribera Del Duero Red,1340
1341,Cabernet Sauvignon,1341
1342,Priorat Red,1342
1343,Rioja Red,1343
1344,,1344
1345,Rioja Red,1345
1346,Rioja White,1346
1347,Red,1347
1348,Rioja Red,1348
1349,Ribera Del Duero Red,1349
1350,Tempranillo,1350
1351,Priorat Red,1351
1352,Chardonnay,1352
1353,Rioja Red,1353
1354,Priorat Red,1354
1355,Priorat Red,1355
1356,Rioja Red,1356
1357,Ribera Del Duero Red,1357
1358,Red,1358
1359,Mencia,1359
1360,Ribera Del Duero Red,1360
1361,Red,1361
1362,Ribera Del Duero Red,1362
1363,Priorat Red,1363
1364,Montsant Red,1364
1365,Priorat Red,1365
1366,Rioja Red,1366
1367,Priorat Red,1367
1368,Priorat Red,1368
1369,Monastrell,1369
1370,Red,1370
1371,Red,1371
1372,Priorat Red,1372
1373,Red,1373
1374,Rioja White,1374
1375,Red,1375
1376,Rioja Red,1376
1377,Tempranillo,1377
1378,Verdejo,1378
1379,Priorat Red,1379
1380,Priorat Red,1380
1381,Cabernet Sauvignon,1381
1382,Red,1382
1383,,1383
1384,Priorat Red,1384
1385,Tempranillo,1385
1386,Ribera Del Duero Red,1386
1387,Ribera Del Duero Red,1387
1388,,1388
1389,Ribera Del Duero Red,1389
1390,Red,1390
1391,Red,1391
1392,Priorat Red,1392
1393,Cabernet Sauvignon,1393
1394,Grenache,1394
1395,Syrah,1395
1396,Toro Red,1396
1397,Tempranillo,1397
1398,Rioja Red,1398
1399,Pedro Ximenez,1399
1400,Albarino,1400
1401,Montsant Red,1401
1402,Rioja Red,1402
1403,Priorat Red,1403
1404,Ribera Del Duero Red,1404
1405,Ribera Del Duero Red,1405
1406,Rioja Red,1406
1407,Red,1407
1408,Red,1408
1409,,1409
1410,Ribera Del Duero Red,1410
1411,Ribera Del Duero Red,1411
1412,Monastrell,1412
1413,,1413
1414,Ribera Del Duero Red,1414
1415,Toro Red,1415
1416,Albarino,1416
1417,Cava,1417
1418,Rioja Red,1418
1419,Ribera Del Duero Red,1419
1420,Priorat Red,1420
1421,Montsant Red,1421
1422,Rioja Red,1422
1423,Cava,1423
1424,Albarino,1424
1425,Red,1425
1426,,1426
1427,Grenache,1427
1428,Rioja White,1428
1429,Ribera Del Duero Red,1429
1430,Rioja Red,1430
1431,Ribera Del Duero Red,1431
1432,Ribera Del Duero Red,1432
1433,Red,1433
1434,Ribera Del Duero Red,1434
1435,Tempranillo,1435
1436,Rioja Red,1436
1437,Red,1437
1438,Rioja Red,1438
1439,Ribera Del Duero Red,1439
1440,Rioja Red,1440
1441,Rioja Red,1441
1442,Ribera Del Duero Red,1442
1443,Priorat Red,1443
1444,Ribera Del Duero Red,1444
1445,Red,1445
1446,,1446
1447,Monastrell,1447
1448,Priorat Red,1448
1449,Sherry,1449
1450,Rioja Red,1450
1451,Mencia,1451
1452,Syrah,1452
1453,Montsant Red,1453
1454,Mencia,1454
1455,Rioja White,1455
1456,Chardonnay,1456
1457,Ribera Del Duero Red,1457
1458,,1458
1459,Ribera Del Duero Red,1459
1460,Ribera Del Duero Red,1460
1461,Ribera Del Duero Red,1461
1462,Montsant Red,1462
1463,Ribera Del Duero Red,1463
1464,Priorat Red,1464
1465,Red,1465
1466,Rioja White,1466
1467,Rioja White,1467
1468,Priorat Red,1468
1469,Priorat Red,1469
1470,Red,1470
1471,Sherry,1471
1472,Sherry,1472
1473,Rioja Red,1473
1474,Priorat Red,1474
1475,Ribera Del Duero Red,1475
1476,Rioja Red,1476
1477,Albarino,1477
1478,Sherry,1478
1479,,1479
1480,Ribera Del Duero Red,1480
1481,Rioja Red,1481
1482,Red,1482
1483,Priorat Red,1483
1484,Rioja Red,1484
1485,Rioja Red,1485
1486,Priorat Red,1486
1487,Albarino,1487
1488,Sherry,1488
1489,Red,1489
1490,,1490
1491,Toro Red,1491
1492,Ribera Del Duero Red,1492
1493,Chardonnay,1493
1494,Red,1494
1495,Rioja Red,1495
1496,Ribera Del Duero Red,1496
1497,Rioja Red,1497
1498,Pedro Ximenez,1498
1499,Priorat Red,1499
1500,Priorat Red,1500
1501,Rioja Red,1501
1502,Mencia,1502
1503,Syrah,1503
1504,Mencia,1504
1505,Priorat Red,1505
1506,Priorat Red,1506
1507,Red,1507
1508,Mencia,1508
1509,Chardonnay,1509
1510,Rioja Red,1510
1511,Rioja Red,1511
1512,,1512
1513,Red,1513
1514,,1514
1515,Priorat Red,1515
1516,,1516
1517,Rioja Red,1517
1518,Priorat Red,1518
1519,Rioja Red,1519
1520,Sherry,1520
1521,Ribera Del Duero Red,1521
1522,Ribera Del Duero Red,1522
1523,Grenache,1523
1524,Rioja White,1524
1525,Rioja Red,1525
1526,Rioja Red,1526
1527,Rioja Red,1527
1528,Albarino,1528
1529,Priorat Red,1529
1530,Grenache,1530
1531,,1531
1532,Priorat Red,1532
1533,Priorat Red,1533
1534,Mencia,1534
1535,,1535
1536,Sauvignon Blanc,1536
1537,Ribera Del Duero Red,1537
1538,Red,1538
1539,Red,1539
1540,Cava,1540
1541,Rioja Red,1541
1542,Ribera Del Duero Red,1542
1543,Priorat Red,1543
1544,,1544
1545,Verdejo,1545
1546,Red,1546
1547,Ribera Del Duero Red,1547
1548,Cava,1548
1549,Syrah,1549
1550,Rioja Red,1550
1551,,1551
1552,Rioja Red,1552
1553,Priorat Red,1553
1554,Sherry,1554
1555,Sparkling,1555
1556,Ribera Del Duero Red,1556
1557,Ribera Del Duero Red,1557
1558,Rioja Red,1558
1559,Rioja Red,1559
1560,Rioja Red,1560
1561,Rioja Red,1561
1562,Priorat Red,1562
1563,Rioja Red,1563
1564,Priorat Red,1564
1565,,1565
1566,Monastrell,1566
1567,Albarino,1567
1568,Rioja Red,1568
1569,,1569
1570,Montsant Red,1570
1571,Ribera Del Duero Red,1571
1572,Rioja White,1572
1573,Priorat Red,1573
1574,Rioja Red,1574
1575,Sherry,1575
1576,Red,1576
1577,Ribera Del Duero Red,1577
1578,Verdejo,1578
1579,Red,1579
1580,Rioja Red,1580
1581,Priorat Red,1581
1582,Red,1582
1583,Priorat Red,1583
1584,Priorat Red,1584
1585,Ribera Del Duero Red,1585
1586,Sherry,1586
1587,Rioja Red,1587
1588,Sherry,1588
1589,Red,1589
1590,Rioja Red,1590
1591,Sherry,1591
1592,Rioja Red,1592
1593,Priorat Red,1593
1594,Priorat Red,1594
1595,Rioja Red,1595
1596,Ribera Del Duero Red,1596
1597,Red,1597
1598,Rioja Red,1598
1599,,1599
1600,Rioja Red,1600
1601,Red,1601
1602,Verdejo,1602
1603,Red,1603
1604,Rioja Red,1604
1605,,1605
1606,Priorat Red,1606
1607,Pedro Ximenez,1607
1608,Red,1608
1609,Priorat Red,1609
1610,Verdejo,1610
1611,Priorat Red,1611
1612,Tempranillo,1612
1613,Ribera Del Duero Red,1613
1614,Ribera Del Duero Red,1614
1615,,1615
1616,Rioja Red,1616
1617,Rioja Red,1617
1618,Ribera Del Duero Red,1618
1619,Red,1619
1620,Red,1620
1621,,1621
1622,Red,1622
1623,,1623
1624,Priorat Red,1624
1625,Priorat Red,1625
1626,,1626
1627,Ribera Del Duero Red,1627
1628,Red,1628
1629,Albarino,1629
1630,Priorat Red,1630
1631,Rioja Red,1631
1632,Priorat Red,1632
1633,Priorat Red,1633
1634,Red,1634
1635,Rioja Red,1635
1636,Chardonnay,1636
1637,Ribera Del Duero Red,1637
1638,Ribera Del Duero Red,1638
1639,Chardonnay,1639
1640,Verdejo,1640
1641,Rioja Red,1641
1642,Pedro Ximenez,1642
1643,,1643
1644,Mencia,1644
1645,Red,1645
1646,Priorat Red,1646
1647,,1647
1648,Syrah,1648
1649,Red,1649
1650,Priorat Red,1650
1651,Ribera Del Duero Red,1651
1652,Ribera Del Duero Red,1652
1653,Rioja Red,1653
1654,Monastrell,1654
1655,Priorat Red,1655
1656,Ribera Del Duero Red,1656
1657,Red,1657
1658,Albarino,1658
1659,Pedro Ximenez,1659
1660,Rioja White,1660
1661,Red,1661
1662,Rioja Red,1662
1663,Rioja Red,1663
1664,Ribera Del Duero Red,1664
1665,Red,1665
1666,,1666
1667,Red,1667
1668,Montsant Red,1668
1669,Rioja Red,1669
1670,Red,1670
1671,Priorat Red,1671
1672,Rioja Red,1672
1673,Ribera Del Duero Red,1673
1674,Cava,1674
1675,Rioja Red,1675
1676,Rioja Red,1676
1677,Albarino,1677
1678,Tempranillo,1678
1679,Red,1679
1680,Red,1680
1681,Verdejo,1681
1682,Sparkling,1682
1683,Rioja Red,1683
1684,Albarino,1684
1685,Mencia,1685
1686,Ribera Del Duero Red,1686
1687,Ribera Del Duero Red,1687
1688,,1688
1689,Priorat Red,1689
1690,Rioja Red,1690
1691,Red,1691
1692,Albarino,1692
1693,Rioja Red,1693
1694,Ribera Del Duero Red,1694
1695,Albarino,1695
1696,,1696
1697,Tempranillo,1697
1698,,1698
1699,Rioja Red,1699
1700,Red,1700
1701,,1701
1702,Rioja Red,1702
1703,Sherry,1703
1704,Grenache,1704
1705,Sherry,1705
1706,,1706
1707,Montsant Red,1707
1708,,1708
1709,Rioja White,1709
1710,Priorat Red,1710
1711,Sauvignon Blanc,1711
1712,Toro Red,1712
1713,Grenache,1713
1714,Ribera Del Duero Red,1714
1715,,1715
1716,Red,1716
1717,Red,1717
1718,,1718
1719,Ribera Del Duero Red,1719
1720,Priorat Red,1720
1721,Red,1721
1722,Red,1722
1723,Ribera Del Duero Red,1723
1724,Ribera Del Duero Red,1724
1725,Ribera Del Duero Red,1725
1726,,1726
1727,Rioja Red,1727
1728,Ribera Del Duero Red,1728
1729,Tempranillo,1729
1730,Rioja Red,1730
1731,Tempranillo,1731
1732,Rioja Red,1732
1733,,1733
1734,Rioja Red,1734
1735,,1735
1736,Ribera Del Duero Red,1736
1737,Ribera Del Duero Red,1737
1738,Rioja Red,1738
1739,Albarino,1739
1740,Priorat Red,1740
1741,Rioja Red,1741
1742,,1742
1743,Rioja Red,1743
1744,Sparkling,1744
1745,Grenache,1745
1746,Red,1746
1747,Red,1747
1748,Ribera Del Duero Red,1748
1749,,1749
1750,Red,1750
1751,Red,1751
1752,,1752
1753,,1753
1754,Montsant Red,1754
1755,Rioja White,1755
1756,Grenache,1756
1757,Grenache,1757
1758,,1758
1759,Red,1759
1760,Rioja White,1760
1761,Verdejo,1761
1762,,1762
1763,,1763
1764,Rioja Red,1764
1765,Verdejo,1765
1766,Montsant Red,1766
1767,,1767
1768,Red,1768
1769,Rioja Red,1769
1770,Ribera Del Duero Red,1770
1771,,1771
1772,,1772
1773,Cava,1773
1774,Rioja Red,1774
1775,Rioja Red,1775
1776,Verdejo,1776
1777,Rioja Red,1777
1778,Rioja Red,1778
1779,Rioja Red,1779
1780,Rioja Red,1780
1781,Sherry,1781
1782,Sherry,1782
1783,Rioja Red,1783
1784,Rioja Red,1784
1785,Red,1785
1786,Ribera Del Duero Red,1786
1787,Rioja Red,1787
1788,Ribera Del Duero Red,1788
1789,Red,1789
1790,Rioja Red,1790
1791,,1791
1792,Ribera Del Duero Red,1792
1793,Sherry,1793
1794,Sherry,1794
1795,Red,1795
1796,Rioja Red,1796
1797,Red,1797
1798,Priorat Red,1798
1799,Rioja Red,1799
1800,,1800
1801,Cava,1801
1802,Ribera Del Duero Red,1802
1803,Red,1803
1804,Grenache,1804
1805,Ribera Del Duero Red,1805
1806,Grenache,1806
1807,,1807
1808,Rioja Red,1808
1809,Rioja Red,1809
1810,Rioja Red,1810
1811,Ribera Del Duero Red,1811
1812,Rioja Red,1812
1813,Red,1813
1814,Verdejo,1814
1815,Red,1815
1816,Rioja Red,1816
1817,Grenache,1817
1818,Rioja Red,1818
1819,Red,1819
1820,,1820
1821,Ribera Del Duero Red,1821
1822,Red,1822
1823,Rioja Red,1823
1824,Rioja Red,1824
1825,Rioja Red,1825
1826,Ribera Del Duero Red,1826
1827,Ribera Del Duero Red,1827
1828,Ribera Del Duero Red,1828
1829,Rioja Red,1829
1830,Rioja Red,1830
1831,Ribera Del Duero Red,1831
1832,Rioja Red,1832
1833,Red,1833
1834,Albarino,1834
1835,Ribera Del Duero Red,1835
1836,Ribera Del Duero Red,1836
1837,Rioja Red,1837
1838,Rioja Red,1838
1839,Ribera Del Duero Red,1839
1840,Albarino,1840
1841,Ribera Del Duero Red,1841
1842,Rioja Red,1842
1843,Ribera Del Duero Red,1843
1844,Priorat Red,1844
1845,Ribera Del Duero Red,1845
1846,Rioja Red,1846
1847,Rioja Red,1847
1848,Red,1848
1849,Rioja Red,1849
1850,Cabernet Sauvignon,1850
1851,,1851
1852,Rioja Red,1852
1853,Rioja Red,1853
1854,Rioja Red,1854
1855,Rioja Red,1855
1856,Red,1856
1857,Red,1857
1858,Red,1858
1859,Rioja Red,1859
1860,Ribera Del Duero Red,1860
1861,Red,1861
1862,Ribera Del Duero Red,1862
1863,Rioja Red,1863
1864,Ribera Del Duero Red,1864
1865,Rioja Red,1865
1866,Ribera Del Duero Red,1866
1867,Rioja Red,1867
1868,Toro Red,1868
1869,Rioja Red,1869
1870,Grenache,1870
1871,Rioja Red,1871
1872,Ribera Del Duero Red,1872
1873,Ribera Del Duero Red,1873
1874,Grenache,1874
1875,Rioja Red,1875
1876,Syrah,1876
1877,Rioja Red,1877
1878,Ribera Del Duero Red,1878
1879,Rioja White,1879
1880,Ribera Del Duero Red,1880
1881,Ribera Del Duero Red,1881
1882,,1882
1883,Ribera Del Duero Red,1883
1884,Pedro Ximenez,1884
1885,Syrah,1885
1886,Ribera Del Duero Red,1886
1887,Ribera Del Duero Red,1887
1888,Ribera Del Duero Red,1888
1889,Ribera Del Duero Red,1889
1890,Ribera Del Duero Red,1890
1891,,1891
1892,Red,1892
1893,Rioja White,1893
1894,Ribera Del Duero Red,1894
1895,Ribera Del Duero Red,1895
1896,Sherry,1896
1897,Priorat Red,1897
1898,Priorat Red,1898
1899,Toro Red,1899
1900,Priorat Red,1900
1901,Priorat Red,1901
1902,Cabernet Sauvignon,1902
1903,Ribera Del Duero Red,1903
1904,Red,1904
1905,Ribera Del Duero Red,1905
1906,Red,1906
1907,Priorat Red,1907
1908,Rioja Red,1908
1909,Rioja Red,1909
1910,Ribera Del Duero Red,1910
1911,Priorat Red,1911
1912,Ribera Del Duero Red,1912
1913,Ribera Del Duero Red,1913
1914,,1914
1915,Rioja Red,1915
1916,Rioja Red,1916
1917,Rioja Red,1917
1918,Rioja Red,1918
1919,Ribera Del Duero Red,1919
1920,Rioja Red,1920
1921,Red,1921
1922,Red,1922
1923,Rioja Red,1923
1924,Verdejo,1924
1925,Red,1925
1926,Monastrell,1926
1927,Red,1927
1928,Ribera Del Duero Red,1928
1929,Rioja Red,1929
1930,Rioja Red,1930
1931,Red,1931
1932,Red,1932
1933,Rioja Red,1933
1934,,1934
1935,Rioja Red,1935
1936,Monastrell,1936
1937,Mencia,1937
1938,Priorat Red,1938
1939,Rioja Red,1939
1940,Toro Red,1940
1941,Cava,1941
1942,Sherry,1942
1943,Priorat Red,1943
1944,Priorat Red,1944
1945,Rioja Red,1945
1946,Rioja Red,1946
1947,Rioja White,1947
1948,Ribera Del Duero Red,1948
1949,Red,1949
1950,Rioja Red,1950
1951,Red,1951
1952,Priorat Red,1952
1953,Cava,1953
1954,Rioja Red,1954
1955,Ribera Del Duero Red,1955
1956,Ribera Del Duero Red,1956
1957,Ribera Del Duero Red,1957
1958,Rioja Red,1958
1959,Priorat Red,1959
1960,Red,1960
1961,Syrah,1961
1962,Ribera Del Duero Red,1962
1963,Priorat Red,1963
1964,Ribera Del Duero Red,1964
1965,Red,1965
1966,Rioja White,1966
1967,Ribera Del Duero Red,1967
1968,Rioja Red,1968
1969,Ribera Del Duero Red,1969
1970,Rioja Red,1970
1971,Sherry,1971
1972,Toro Red,1972
1973,Rioja Red,1973
1974,Red,1974
1975,Priorat Red,1975
1976,Rioja Red,1976
1977,Rioja Red,1977
1978,Ribera Del Duero Red,1978
1979,Sherry,1979
1980,Tempranillo,1980
1981,Ribera Del Duero Red,1981
1982,,1982
1983,Ribera Del Duero Red,1983
1984,Rioja Red,1984
1985,Chardonnay,1985
1986,Albarino,1986
1987,Albarino,1987
1988,Rioja Red,1988
1989,Ribera Del Duero Red,1989
1990,Red,1990
1991,Albarino,1991
1992,Albarino,1992
1993,Ribera Del Duero Red,1993
1994,Ribera Del Duero Red,1994
1995,,1995
1996,Priorat Red,1996
1997,Red,1997
1998,Monastrell,1998
1999,Rioja White,1999
2000,Rioja Red,2000
2001,Red,2001
2002,Red,2002
2003,Rioja Red,2003
2004,Rioja Red,2004
2005,Mencia,2005
2006,Albarino,2006
2007,Rioja Red,2007
2008,Ribera Del Duero Red,2008
2009,Ribera Del Duero Red,2009
2010,Rioja Red,2010
2011,,2011
2012,Sherry,2012
2013,Priorat Red,2013
2014,,2014
2015,Rioja Red,2015
2016,Toro Red,2016
2017,Tempranillo,2017
2018,Rioja Red,2018
2019,Rioja Red,2019
2020,Priorat Red,2020
2021,Red,2021
2022,Ribera Del Duero Red,2022
2023,Ribera Del Duero Red,2023
2024,Rioja Red,2024
2025,Rioja Red,2025
2026,Red,2026
2027,Red,2027
2028,Rioja Red,2028
2029,Rioja Red,2029
2030,Mencia,2030
2031,Albarino,2031
2032,Rioja Red,2032
2033,Ribera Del Duero Red,2033
2034,Ribera Del Duero Red,2034
2035,Rioja Red,2035
2036,Sherry,2036
2037,Priorat Red,2037
2038,Rioja Red,2038
2039,Toro Red,2039
2040,Tempranillo,2040
2041,Rioja Red,2041
2042,Rioja Red,2042
2043,Priorat Red,2043
2044,Red,2044
2045,Ribera Del Duero Red,2045
2046,Ribera Del Duero Red,2046
2047,Rioja Red,2047
2048,Rioja White,2048
