winery,country,region,id_winery
Teso La Monja,Espana,Toro,1
Artadi,Espana,Vino de Espana,2
Vega Sicilia,Espana,Ribera del Duero,3
Pago de Carraovejas,Espana,Ribera del Duero,4
Toro Albala,Espana,Montilla-Moriles,5
Bodegas El Nido,Espana,Jumilla,6
Valdespino,Espana,Jerez-Xeres-Sherry,7
Dominio de Pingus,Espana,Ribera del Duero,8
Alvaro Palacios,Espana,Priorato,9
Ordonez,Espana,Toro,10
Bodegas Valduero,Espana,Ribera del Duero,11
Vina Sastre,Espana,Ribera del Duero,12
Sierra Cantabria,Espana,Rioja,13
Descendientes de J. Palacios,Espana,Bierzo,14
La Rioja Alta,Espana,Rioja,15
Marques de Murrieta,Espana,Rioja,16
Vinedos de Paganos,Espana,Rioja,17
Emilio Moro,Espana,Ribera del Duero,18
Quinta de la Quietud,Espana,Toro,19
Bodegas Mauro,Espana,Castilla y Leon,20
Bodega Contador (Benjamin Romeo),Espana,Rioja,21
Remirez de Ganuza,Espana,Rioja,22
Bodegas San Roman,Espana,Toro,23
Pago de Los Capellanes,Espana,Ribera del Duero,24
Bodega Numanthia,Espana,Toro,25
Alto Moncayo,Espana,Campo de Borja,26
Alvaro Palacios,Espana,Rioja,27
Mas Doix,Espana,Priorato,28
Bodegas Roda,Espana,Rioja,29
Martinet,Espana,Priorato,30
Recaredo,Espana,Cava,31
Clos Erasmus,Espana,Priorato,32
Barbadillo,Espana,Jerez Palo Cortado,33
Gonzalez-Byass,Espana,Jerez Palo Cortado,34
Bodegas Amaren,Espana,Rioja,35
Alvear,Espana,Montilla-Moriles,36
Equipo Navazos,Espana,Manzanilla,37
Morca,Espana,Campo de Borja,38
Territorio Luthier,Espana,Ribera del Duero,39
Terra Remota,Espana,Emporda,40
Dehesa de Los Canonigos,Espana,Ribera del Duero,41
Miguel Merino,Espana,Rioja Alta,42
Alion,Espana,Ribera del Duero,43
Aalto,Espana,Ribera del Duero,44
Carmelo Rodero,Espana,Ribera del Duero,45
Dominio del Bendito,Espana,Toro,46
Mas d'en Gil,Espana,Priorato,47
Casa Castillo,Espana,Jumilla,48
Matarromera,Espana,Ribera del Duero,49
Nin-Ortiz,Espana,Priorato,50
Vinas del Vero,Espana,Somontano,51
Marques de Riscal,Espana,Rioja,52
Arzuaga,Espana,Ribera del Duero,53
Bodegas Mas Alta,Espana,Priorato,54
Dominio de Calogia,Espana,Ribera del Duero,55
Tomas Postigo,Espana,Ribera del Duero,56
Cal Pla,Espana,Priorato,57
Ossian,Espana,Castilla y Leon,58
Cepa 21,Espana,Ribera del Duero,59
Bodegas Vilano,Espana,Ribera del Duero,60
Allende,Espana,Rioja,61
Hacienda Monasterio,Espana,Ribera del Duero,62
Castillo Perelada,Espana,Emporda,63
Osborne,Espana,Jerez-Xeres-Sherry,64
Ysios,Espana,Rioja,65
Marques de Grinon,Espana,Dominio de Valdepusa,66
Contino,Espana,Rioja,67
Gramona,Espana,Cava,68
Dominio del Aguila,Espana,Ribera del Duero,69
Hacienda Solano,Espana,Ribera del Duero,70
Anima Negra,Espana,Mallorca,71
Castano,Espana,Yecla,72
La Legua,Espana,Cigales,73
Castillo de Cuzcurrita,Espana,Rioja,74
Oxer Wines,Espana,Rioja,75
Bodegas Yuste,Espana,Jerez-Xeres-Sherry,76
Bodegas 6o Elemento - Vino Sexto Elemento,Espana,Utiel-Requena,77
Proyecto Garnachas de Espana,Espana,Rioja,78
Vall Llach,Espana,Priorato,79
Ukan Winery,Espana,Rioja Alavesa,80
Vina Real,Espana,Rioja,81
Dominio de Atauta,Espana,Ribera del Duero,82
Micro Bio (MicroBio),Espana,Vino de Espana,83
Terroir Al Limit Soc. Lda,Espana,Priorato,84
Finca Torremilanos,Espana,Ribera del Duero,85
Huerta de Albala,Espana,Cadiz,86
Gomez Cruzado,Espana,Rioja,87
Castell d'Encus,Espana,Costers del Segre,88
Abadia Retuerta,Espana,Sardon de Duero,89
Enate,Espana,Somontano,90
Benjamin de Rothschild - Vega Sicilia,Espana,Rioja,91
Bodegas Aragonesas,Espana,Campo de Borja,92
Acustic Celler,Espana,Priorato,93
Vina Pedrosa,Espana,Ribera del Duero,94
Recaredo,Espana,Cataluna,95
Pintia,Espana,Toro,96
Belondrade,Espana,Rueda,97
Muga,Espana,Rioja,98
Clos Mogador,Espana,Priorato,99
Bodegas Tradicion,Espana,Jerez Pedro Ximenes (PX),100
Senorio de San Vicente,Espana,Rioja,101
Costers del Siurana,Espana,Priorato,102
Francisco Barona,Espana,Ribera del Duero,103
Juan Gil,Espana,Jumilla,104
Lan,Espana,Rioja,105
R. Lopez de Heredia,Espana,Rioja,106
Adama Wines,Espana,Ribera del Duero,107
Milsetentayseis,Espana,Ribera del Duero,108
Espectacle del Montsant,Espana,Montsant,109
Tinto Pesquera,Espana,Ribera del Duero,110
Ferrer Bobet,Espana,Priorato,111
Familia Torres,Espana,Conca de Barbera,112
Pazo Barrantes,Espana,Rias Baixas,113
Tio Pepe,Espana,Jerez Amontillado,114
Abadia Retuerta,Espana,Castilla y Leon,115
Cruz de Alba,Espana,Ribera del Duero,116
Dominio de Es,Espana,Ribera del Duero,117
Jesus Madrazo,Espana,Rioja,118
Bodegas Naluar & Acediano,Espana,Ribera del Duero,119
Marques de Caceres,Espana,Rioja,120
Trus,Espana,Ribera del Duero,121
Artadi,Espana,Rioja,122
Mestres,Espana,Cava,123
Chivite,Espana,Navarra,124
Bodega Ribas,Espana,Mallorca,125
Vinas del Cenit,Espana,Tierra del Vino de Zamora,126
Mas del Serral,Espana,Penedes,127
Cervoles,Espana,Costers del Segre,128
Diez Merito,Espana,Jerez Amontillado,129
Valdespino,Espana,Jerez Amontillado,130
R. Lopez de Heredia,Espana,Rioja Alta,131
Marques de Burgos,Espana,Ribera del Duero,132
Penafiel,Espana,Ribera del Duero,133
Tobia,Espana,Rioja,134
Tresmano - Tr3smano,Espana,Ribera del Duero,135
Sei Solo,Espana,Ribera del Duero,136
Finca Villacreces,Espana,Ribera del Duero,137
Virgen de la Asuncion,Espana,Ribera del Duero,138
Romate,Espana,Jerez Palo Cortado,139
Sara Perez y Rene Barbier,Espana,Priorato,140
Dehesa del Carrizal,Espana,Dehesa del Carrizal,141
Tarsus,Espana,Ribera del Duero,142
Beronia,Espana,Rioja,143
Monte Real,Espana,Rioja,144
Divina Proporcion,Espana,Toro,145
Vina al Lado de la Casa,Espana,Vino de Espana,146
Marques de la Concordia,Espana,Rioja,147
Agusti Torello Mata,Espana,Cava,148
Penafiel,Espana,Rueda,149
Dominio de Cair,Espana,Ribera del Duero,150
Valquejigoso,Espana,Madrid,151
Vizcarra,Espana,Ribera del Duero,152
Legaris,Espana,Ribera del Duero,153
Federico Paternina,Espana,Rioja,154
Vinicola Real,Espana,Rioja,155
Losada,Espana,Bierzo,156
Clos d'Agon,Espana,Cataluna,157
Sacristia AB,Espana,Jerez-Xeres-Sherry,158
Uvaguilera Aguilera,Espana,Ribera del Duero,159
Emilio Hidalgo,Espana,Jerez-Xeres-Sherry,160
Altos del Terral,Espana,Ribera del Duero,161
El Regajal,Espana,Castilla y Leon,162
Valderiz,Espana,Ribera del Duero,163
Jose Pariente,Espana,Rueda,164
Scala Dei,Espana,Priorato,165
Bodegas Valdelana,Espana,Rioja,166
Abel Mendoza Monge,Espana,Rioja,167
Bodegas Amaren,Espana,Rioja Alavesa,168
Anayon,Espana,Carinena,169
Sierra Salinas,Espana,Alicante,170
Vinos Sanz,Espana,Rueda,171
Atalaya,Espana,Almansa,172
Matsu,Espana,Toro,173
Marques de Vargas,Espana,Rioja,174
Bodegas Tradicion,Espana,Jerez Palo Cortado,175
Volver,Espana,Alicante,176
Bodegas Tradicion,Espana,Jerez Amontillado,177
Tridente,Espana,Castilla y Leon,178
Ausas,Espana,Ribera del Duero,179
Rodriguez Sanzo,Espana,Toro,180
Antidoto,Espana,Ribera del Duero,181
Bosque de Matasnos,Espana,Ribera del Duero,182
Bodegas 6o Elemento - Vino Sexto Elemento,Espana,Valencia,183
Altanza,Espana,Rioja,184
Remelluri,Espana,Rioja,185
Perinet,Espana,Priorato,186
Volver,Espana,Jumilla,187
La Vicalanda,Espana,Rioja,188
Monovar,Espana,Alicante,189
Alvaro Domecq,Espana,Jerez Pedro Ximenes (PX),190
Cillar de Silos,Espana,Ribera del Duero,191
Los Aguilares,Espana,Sierras de Malaga,192
Bodega Rento,Espana,Ribera del Duero,193
Marco Abella,Espana,Priorato,194
Javier Sanz Viticultor,Espana,Rueda,195
Protos,Espana,Ribera del Duero,196
Harveys,Espana,Jerez Pedro Ximenes (PX),197
Orben,Espana,Rioja,198
Jaro,Espana,Ribera del Duero,199
Bodegas Ximenez-Spinola,Espana,Jerez Pedro Ximenes (PX),200
Mustiguillo,Espana,El Terrerazo,201
Vina Pomal,Espana,Rioja,202
Astrales,Espana,Ribera del Duero,203
Merum Priorati,Espana,Priorato,204
Hacienda Lopez de Haro,Espana,Rioja,205
Cayetano del Pino,Espana,Jerez-Xeres-Sherry,206
Pazo Senorans,Espana,Rias Baixas,207
Fefinanes,Espana,Rias Baixas,208
Familia Torres,Espana,Priorato,209
Resalte,Espana,Ribera del Duero,210
Figuero,Espana,Ribera del Duero,211
Osborne,Espana,Jerez Oloroso,212
Pinea,Espana,Ribera del Duero,213
Portal del Priorat,Espana,Priorato,214
Cims de Porrera,Espana,Priorato,215
Casa Rojo,Espana,Jumilla,216
Murua,Espana,Rioja,217
Vinyes Domenech,Espana,Montsant,218
Bodegas Ximenez-Spinola,Espana,Jerez-Xeres-Sherry,219
Pago de Vallegarcia,Espana,Castilla,220
Eulogio Pomares,Espana,Rias Baixas,221
Sangenis I Vaque,Espana,Priorato,222
Delgado Zuleta,Espana,Jerez Amontillado,223
VALENCISO,Espana,Rioja,224
Mas Perinet,Espana,Priorato,225
Chozas Carrascal,Espana,Utiel-Requena,226
Alonso del Yerro,Espana,Ribera del Duero,227
Clos Figueras,Espana,Priorato,228
Bodegas Monte La Reina,Espana,Toro,229
Ontanon,Espana,Rioja,230
Bodega Elias Mora,Espana,Toro,231
Joan Simo,Espana,Priorato,232
Can Axartell,Espana,Mallorca,233
Juan Pinero,Espana,Jerez Amontillado,234
Mas Llunes,Espana,Emporda,235
Bodegas Frontaura,Espana,Toro,236
Roig Parals,Espana,Emporda,237
Romate,Espana,Jerez Pedro Ximenes (PX),238
Avgvstvs,Espana,Penedes,239
Ramon Bilbao,Espana,Rioja,240
Leda,Espana,Castilla y Leon,241
Bodegas Celler Francisco Castillo - Clos Dominic,Espana,Priorato,242
Cal Batllet - Celler Ripoll Sans,Espana,Priorato,243
Llopart,Espana,Cava,244
Portia,Espana,Ribera del Duero,245
Ostatu,Espana,Rioja Alavesa,246
Finca Valpiedra,Espana,Rioja,247
Baigorri,Espana,Rioja,248
Vivaltus,Espana,Ribera del Duero,249
Comenge,Espana,Ribera del Duero,250
Collbaix Celler El Moli,Espana,Pla de Bages,251
Martinez Lacuesta,Espana,Rioja Alta,252
Pujanza,Espana,Rioja,253
Albet i Noya,Espana,Penedes,254
Juan Pinero,Espana,Jerez Oloroso,255
Olivier Riviere,Espana,Rioja,256
Bodegas Tierra,Espana,Rioja,257
Torre de Ona,Espana,Rioja,258
Do Ferreiro (Bodegas Gerardo Mendez),Espana,Rias Baixas,259
Martin Codax,Espana,Vino de Espana,260
Vinedos Hermanos Hernaiz,Espana,Rioja Alta,261
Freixenet,Espana,Cava,262
Azpilicueta,Espana,Rioja,263
Gramona,Espana,Penedes,264
Veronica Salgado,Espana,Ribera del Duero,265
Clos Galena,Espana,Priorato,266
Imperial,Espana,Rioja,267
Bodegas Imperiales - Abadia de San Quirce,Espana,Ribera del Duero,268
Marta Mate,Espana,Ribera del Duero,269
Venta Las Vacas,Espana,Ribera del Duero,270
Pago Calzadilla,Espana,Pago Calzadilla,271
Vivanco,Espana,Rioja,272
Fernandez Gao,Espana,Jerez-Xeres-Sherry,273
Museum,Espana,Cigales,274
Harveys,Espana,Jerez Palo Cortado,275
Farina,Espana,Toro,276
Galindo San Millan,Espana,Toro,277
Bodegas Casa Primicia,Espana,Rioja,278
Joan d'Anguera,Espana,Montsant,279
Martin Codax,Espana,Rias Baixas,280
Xaloc,Espana,Mallorca,281
Carlos Moro,Espana,Rioja,282
Bodegas Luis Perez,Espana,Andalucia,283
Ladairo,Espana,Monterrei,284
Conreria d'Scala Dei,Espana,Priorato,285
Traslascuestas,Espana,Ribera del Duero,286
Lopez Cristobal,Espana,Ribera del Duero,287
Codorniu,Espana,Cava,288
Sota els Angels,Espana,Emporda,289
Berceo,Espana,Rioja,290
Romate,Espana,Jerez Amontillado,291
Mas Blanch I Jove,Espana,Costers del Segre,292
Carlos Serres,Espana,Rioja,293
David Moreno,Espana,Rioja,294
Edra,Espana,Ribera del Gallego-Cinco Villas,295
Valdelosfrailes,Espana,Castilla y Leon,296
Briego,Espana,Ribera del Duero,297
Guillem Carol - Cellers Carol Valles,Espana,Cava,298
Barahonda,Espana,Yecla,299
Particular,Espana,Carinena,300
Bodegas Frontonio,Espana,Aragon,301
Bodegas Asenjo & Manso,Espana,Ribera del Duero,302
Familia Torres,Espana,Penedes,303
Gonzalez-Byass,Espana,Jerez Oloroso,304
Luis Canas,Espana,Rioja,305
Garmon,Espana,Ribera del Duero,306
Williams & Humbert,Espana,Jerez-Xeres-Sherry,307
Condado de Haza,Espana,Ribera del Duero,308
Bodegas Tradicion,Espana,Jerez Oloroso,309
Lustau,Espana,Jerez-Xeres-Sherry,310
Bodegas Faustino,Espana,Rioja,311
Aster,Espana,Ribera del Duero,312
Bodegas Aragonesas,Espana,Aragon,313
Marques de Tomares,Espana,Rioja,314
Quinta Sardonia,Espana,Castilla y Leon,315
Abadal,Espana,Pla de Bages,316
Hermanos Pecina,Espana,Rioja,317
Biniagual,Espana,Binissalem-Mallorca,318
Breca,Espana,Calatayud,319
Bodegas Olarra,Espana,Rioja,320
Taron,Espana,Rioja Alta,321
Familia Torres,Espana,Costers del Segre,322
Sonsierra,Espana,Rioja Alta,323
Vins Miquel Gelabert,Espana,Pla i Llevant,324
Bodega Tesalia,Espana,Andalucia,325
Bodega de Bardos,Espana,Ribera del Duero,326
Venus la Universal,Espana,Montsant,327
El Grillo y La Luna,Espana,Somontano,328
De Moya,Espana,Valencia,329
Campillo,Espana,Rioja,330
Tomas Postigo,Espana,Castilla y Leon,331
Jean Leon,Espana,Penedes,332
Bodegas Ateca,Espana,Calatayud,333
Bodega Campo Eliseo,Espana,Toro,334
Palmeri Sicilia,Espana,Campo de Borja,335
Pradorey,Espana,Ribera del Duero,336
Mas Que Vinos,Espana,Castilla,337
Bodegas Estraunza,Espana,Rioja,338
Telmo Rodriguez,Espana,Ribera del Duero,339
Pittacum,Espana,Bierzo,340
Bodega Sommos,Espana,Somontano,341
Celler de Capcanes,Espana,Montsant,342
Arinzano,Espana,Arinzano,343
Pago del Vostal,Espana,Ribera del Duero,344
Bodegas Valduero,Espana,Castilla y Leon,345
Neo,Espana,Ribera del Duero,346
Habla,Espana,Extremadura,347
Rodriguez de Vera,Espana,Almansa,348
Callejuela,Espana,Jerez-Xeres-Sherry,349
El Maestro Sierra,Espana,Jerez Palo Cortado,350
Paco & Lola,Espana,Rias Baixas,351
Valdespino,Espana,Jerez Palo Cortado,352
Valtravieso,Espana,Ribera del Duero,353
Costers del Priorat,Espana,Priorato,354
Bodegas Urium,Espana,Jerez Amontillado,355
Bodega Otazu,Espana,Navarra,356
Oller del Mas,Espana,Pla de Bages,357
Alta Alella,Espana,Alella,358
Bodegas Clunia,Espana,Castilla y Leon,359
Ca l'Apotecari,Espana,Priorato,360
Josep Grau Viticultor,Espana,Montsant,361
Mas de les Pereres,Espana,Priorato,362
El Maestro Sierra,Espana,Jerez-Xeres-Sherry,363
Guilera,Espana,Cava,364
l'Infernal Combier Fischer Gerin,Espana,Priorato,365
Jorge Piernas,Espana,Murcia,366
Pedralonga,Espana,Rias Baixas,367
Equipo Navazos,Espana,Jerez-Xeres-Sherry,368
Marques de Riscal,Espana,Castilla y Leon,369
Marti Fabra,Espana,Emporda,370
Balandro,Espana,Manzanilla,371
M. Antonio de la Riva,Espana,Jerez-Xeres-Sherry,372
Espelt,Espana,Emporda,373
Bodegas Arfe,Espana,Jerez-Xeres-Sherry,374
Real de Asua,Espana,Rioja,375
Vinyes dels Aspres,Espana,Emporda,376
Altos de Rioja,Espana,Rioja,377
Valserrano,Espana,Rioja,378
Shaya,Espana,Rueda,379
Finca Rio Negro,Espana,La Mancha,380
Loxera,Espana,Valencia,381
Dominio Fournier,Espana,Ribera del Duero,382
Neton,Espana,Castilla y Leon,383
Raul Perez,Espana,Rias Baixas,384
Cartoixa de Montsalvat,Espana,Priorato,385
El Lagar de Isilla,Espana,Ribera del Duero,386
Bodega Otazu,Espana,Otazu,387
Anibal de Otero,Espana,Bierzo,388
Finca Rio Negro,Espana,Castilla,389
Altos del Enebro,Espana,Ribera del Duero,390
Pago de Larrainzar,Espana,Navarra,391
Albamar,Espana,Rias Baixas,392
Can Bas,Espana,Penedes,393
Atlan & Artisan,Espana,Mallorca,394
Olivardots,Espana,Emporda,395
Lar de Paula,Espana,Rioja,396
Juve & Camps,Espana,Cava,397
La Val,Espana,Rias Baixas,398
Tres Piedras,Espana,Ribera del Duero,399
Raul Perez,Espana,Castilla y Leon,400
Javi Revert,Espana,Valencia,401
Bodega Campo Eliseo,Espana,Rueda,402
Terras Gauda,Espana,Rias Baixas,403
Lambuena,Espana,Ribera del Duero,404
Attis,Espana,Rias Baixas,405
Miguel Merino,Espana,Rioja,406
San Cobate,Espana,Ribera del Duero,407
Santa Petronila,Espana,Jerez-Xeres-Sherry,408
Jimenez-Landi,Espana,Castilla y Leon,409
Hidalgo (La Gitana),Espana,Jerez-Xeres-Sherry,410
Arid,Espana,Penedes,411
Carlos Moro,Espana,Toro,412
Jimenez-Landi,Espana,Mentrida,413
Bodegas Reyes,Espana,Ribera del Duero,414
Hugas de Batlle,Espana,Emporda,415
Atlan & Artisan,Espana,Yecla,416
Bodegas Arrocal,Espana,Ribera del Duero,417
Buil & Gine,Espana,Priorato,418
Luis A. Rodriguez Vazquez,Espana,Ribeiro,419
Castell del Remei,Espana,Costers del Segre,420
Valdubon,Espana,Ribera del Duero,421
Bodegas Y Vinedos Alilian,Espana,Ribera del Duero,422
Goyo Garcia Viadero,Espana,Ribera del Duero,423
Santiago Ruiz,Espana,Rias Baixas,424
Mas Bertran,Espana,Penedes,425
Bodegas Gama,Espana,Rioja,426
Edetaria,Espana,Terra Alta,427
Hacienda Zorita Natural Reserve,Espana,Arribes,428
Can Xanet,Espana,Mallorca,429
Alonso & Pedrajo,Espana,Rioja,430
Mandia Vell,Espana,Mallorca,431
Bodega Juan Carlos Sancha,Espana,Rioja,432
Valdecuevas,Espana,Rueda,433
Telmo Rodriguez,Espana,Rioja,434
Mocen,Espana,Rueda,435
Estones,Espana,Montsant,436
Inurrieta,Espana,Navarra,437
Naia,Espana,Rueda,438
AGE,Espana,Rioja,439
Navajas,Espana,Rioja,440
Altanza,Espana,Jerez Amontillado,441
Alvaro Domecq,Espana,Jerez Amontillado,442
Vinyes del Terrer,Espana,Tarragona,443
Cepas Familiares,Espana,Ribera del Duero,444
Dominio de Loalva,Espana,Ribera del Duero,445
Zifar,Espana,Ribera del Duero,446
Romate,Espana,Jerez Oloroso,447
Altanza,Espana,Jerez-Xeres-Sherry,448
Bordalas Garcia,Espana,Priorato,449
Rimarts,Espana,Cava,450
Pinna Fidelis,Espana,Ribera del Duero,451
Loess,Espana,Ribera del Duero,452
Dominio de Anza,Espana,Rioja,453
Samsara,Espana,Sierras de Malaga,454
Ordonez,Espana,Rueda,455
Cuentavinas,Espana,Rioja,456
Felix Solis,Espana,Vino de Espana,457
El Coto,Espana,Rioja,458
Mar de Frades,Espana,Rias Baixas,459
Casa Rojo,Espana,Ribera del Duero,460
Montecastro,Espana,Ribera del Duero,461
Bodegas La Horra,Espana,Ribera del Duero,462
Gonzalez-Byass,Espana,Jerez Amontillado,463
Hispano Suizas,Espana,Utiel-Requena,464
Murviedro,Espana,Valencia,465
Williams & Humbert,Espana,Jerez Palo Cortado,466
Diez Caballero,Espana,Rioja,467
Vegalfaro,Espana,Utiel-Requena,468
Palacios Remondo,Espana,Rioja,469
Fernando de Castilla,Espana,Jerez Palo Cortado,470
Williams & Humbert,Espana,Jerez Amontillado,471
Bohorquez,Espana,Ribera del Duero,472
Adega Familiar Eladio Pineiro,Espana,Rias Baixas,473
Enrique Mendoza,Espana,Alicante,474
Clos Pons,Espana,Costers del Segre,475
