designation,total_reviews,avg_rating
"Tinto 2013",76714,4.445283018867929
"Vina El Pison 2018",1930,4.568750000000001
"Unico 2009",38093,4.704878048780491
"Unico 1999",38093,4.704878048780491
"Unico 1996",38093,4.704878048780491
"Unico 1998",38093,4.704878048780491
"Unico 2010",38093,4.704878048780491
"Unico 1995",38093,4.704878048780491
"Unico Reserva Especial Edicion 2015",5892,4.730434782608696
"Unico 2011",38093,4.704878048780491
"Unico Reserva Especial Edicion 2016",5892,4.730434782608696
"El Anejon 2016",997,4.75
"Unico Reserva Especial Edicion 2018",5892,4.730434782608696
"Unico 1970",38093,4.704878048780491
"Don PX Convento Seleccion 1946",798,4.7
"Cuesta de Las Liebres 2015",1462,4.7
"Unico 1962",38093,4.704878048780491
"Unico Reserva Especial Edicion 2019",5892,4.730434782608696
"El Nido 2018",2292,4.714285714285714
"Unico Reserva Especial Edicion 2004",5892,4.730434782608696
"Unico Reserva Especial Edicion 2013",5892,4.730434782608696
"Pingus 2016",3762,4.652941176470589
"Don PX Convento Seleccion 1931",798,4.7
"Unico Reserva Especial Edicion 2010",5892,4.730434782608696
"Unico 1979",38093,4.704878048780491
"Don PX Pedro Ximenez 1946",668,4.514285714285714
"L'Ermita Velles Vinyes Priorat 2004",1455,4.666666666666667
"Unico Reserva Especial Edicion 2005",5892,4.730434782608696
"Unico Reserva Especial Edicion 2020",5892,4.730434782608696
"Vatan Arena Tinta de Toro 2014",79,4.8
"Unico Reserva Especial Edicion 1985",5892,4.730434782608696
"Don PX Convento Seleccion 1929",798,4.7
"Ribera Del Duero Gran Reserva 12 Anos 1999",68,4.8
"Pesus Ribera del Duero 2007",821,4.525
"Tinto 2012",115071,4.445283018867914
"Pingus 2017",3762,4.652941176470589
"Tinto 2009",76714,4.445283018867929
"L'Ermita Velles Vinyes Priorat 2008",1455,4.666666666666667
"Magico 2016",40,4.8
"Tinto 2011",76714,4.445283018867929
"L'Ermita Velles Vinyes Priorat 2017",1455,4.666666666666667
"Tinto 2015",191785,4.445283018867908
"La Faraona Bierzo (Corullon) 2017",90,4.633333333333333
"Gran Reserva 890 1985",5694,4.5125
"L'Ermita Velles Vinyes Priorat 2018",1455,4.666666666666667
"Valbuena 5o 2010",60745,4.590322580645159
"Valbuena 5o 2014",60745,4.590322580645159
"Valbuena 5o 2006",60745,4.590322580645159
"Unico 2005",38093,4.704878048780491
"Unico 2004",38093,4.704878048780491
"Unico 2000",38093,4.704878048780491
"Unico 2007",38093,4.704878048780491
"Valbuena 5o 2015",60745,4.590322580645159
"Unico 2006",38093,4.704878048780491
"Unico 2008",38093,4.704878048780491
"Unico 2003",38093,4.704878048780491
"Valbuena 5o 2016",60745,4.590322580645159
"Valbuena 5o 2005",60745,4.590322580645159
"Unico 2002",38093,4.704878048780491
"Unico 1991",38093,4.704878048780491
"Unico 1994",38093,4.704878048780491
"Unico Reserva Especial Edicion 2000",5892,4.730434782608696
"Unico 1990",38093,4.704878048780491
"Cuesta de Las Liebres 2014",1462,4.7
"Unico 1989",38093,4.704878048780491
"Unico 1987",38093,4.704878048780491
"Unico Reserva Especial Edicion 2017",5892,4.730434782608696
"El Anejon 2015",997,4.75
"El Nido 2014",2292,4.714285714285714
"El Nido 2013",2292,4.714285714285714
"Unico Reserva Especial Edicion 1996",5892,4.730434782608696
"Castillo Ygay Gran Reserva Especial Blanco 1986",425,4.7
"El Nido 2016",2292,4.714285714285714
"El Nido 2008",2292,4.714285714285714
"La Nieta 2015",867,4.675
"Unico 1981",38093,4.704878048780491
"Unico Reserva Especial Edicion 2007",5892,4.730434782608696
"Malleolus de Valderramiro 2016",1617,4.575
"Pingus 2001",3762,4.652941176470589
"Unico 1986",38093,4.704878048780491
"Malleolus de Sanchomartin 2016",1750,4.55
"Pingus 2004",3762,4.652941176470589
"Pingus 2006",3762,4.652941176470589
"El Nido 2017",2292,4.714285714285714
"Alabaster 2016",440,4.666666666666667
"La Mula de la Quietud 2015",355,4.6
"Unico 1985",38093,4.704878048780491
"Terreus Paraje de Cueva Baja 2017",1029,4.64
"Contador Rioja 2012",960,4.616666666666666
"Maria Remirez de Ganuza 2006",376,4.65
"Unico 1968",38093,4.704878048780491
"La Nieta 2018",867,4.675
"Unico 1964",38093,4.704878048780491
"Unico 1982",38093,4.704878048780491
"Pingus 2015",3762,4.652941176470589
"Unico Reserva Especial Edicion 1995",5892,4.730434782608696
"Pingus 1999",3762,4.652941176470589
"Unico 1974",38093,4.704878048780491
"L'Ermita Velles Vinyes Priorat 1998",1455,4.666666666666667
"Cartago Paraje de Pozo 2015",332,4.6000000000000005
"Unico Reserva Especial Edicion 2012",5892,4.730434782608696
"Parcela El Picon Tinto 2009",761,4.616666666666666
"Valbuena 5o 2017",60745,4.590322580645159
"L'Ermita Velles Vinyes Priorat 2000",1455,4.666666666666667
"Termanthia 2005",3088,4.574999999999999
"Unico Reserva Especial Edicion 2011",5892,4.730434782608696
"Clon De La Familia 2010",238,4.633333333333333
"Aquilon Garnacha 2011",420,4.575
"Unico 1983",38093,4.704878048780491
"Don PX Convento Seleccion 1955",798,4.7
"Unico 1980",38093,4.704878048780491
"Contador Rioja 2005",960,4.616666666666666
"Unico 1972",38093,4.704878048780491
"Termanthia 2004",3088,4.574999999999999
"Tinto 2010",76714,4.445283018867929
"Quinon de Valmira 2015",190,4.6
"Unico Reserva Especial Edicion 1987",5892,4.730434782608696
"1902 Centenary Carignan Priorat 2015",262,4.6499999999999995
"Unico 1953",38093,4.704878048780491
"Cirsion Rioja 2000",1003,4.6
"L'Ermita Velles Vinyes Priorat 2015",1455,4.666666666666667
"El Nido 2019",2292,4.714285714285714
"1902 Centenary Carignan Priorat 2013",262,4.6499999999999995
"Unico Reserva Especial Edicion 2006",5892,4.730434782608696
"L'Ermita Velles Vinyes Priorat 2005",1455,4.666666666666667
"Cami Pesseroles 2006",843,4.481818181818182
"Turo d'en Mota 2007",367,4.566666666666666
"Unico Reserva Especial Edicion 1986",5892,4.730434782608696
"Priorat 2007",18952,4.430769230769234
"Parcela El Picon Tinto 2016",761,4.616666666666666
"Gran Reserva 890 1982",5694,4.5125
"Anada Palo Cortado 1987 1987",83,4.6
"Daphne Glorian Red 2007",51,4.7
"Don PX Pedro Ximenez 1955",668,4.514285714285714
"La Nieta 2019",867,4.675
"El Regollar 2016",49,4.7
"Don PX Convento Seleccion 1958",798,4.7
"Alabaster 2018",440,4.666666666666667
"Touran 2018",41,4.7
"Luthier Gran Reserva 2012",40,4.7
"Vina El Pison 1995",1930,4.568750000000001
"Reserva Particular de Recaredo Brut Nature 2011",104,4.65
"Terreus Paraje de Cueva Baja 2019",1029,4.64
"Pesus Ribera del Duero 2004",821,4.525
"Usted 2010",64,4.550000000000001
"Gran Reserva 2001",5127,4.38421052631579
"Regina Vides Ribera del Duero 1998",1095,4.455555555555555
"La Loma 2018",98,4.6
"L'Ermita Velles Vinyes Priorat 2016",1455,4.666666666666667
"Castillo Ygay Gran Reserva Especial Tinto 1942",12540,4.433333333333333
"Valbuena 5o 2011",60745,4.590322580645159
"Valbuena 5o 2012",60745,4.590322580645159
"Valbuena 5o 2008",60745,4.590322580645159
"Valbuena 5o 2007",60745,4.590322580645159
"Valbuena 5o 2013",60745,4.590322580645159
"Valbuena 5o 2009",60745,4.590322580645159
"Ribera del Duero 2016",111790,4.3826086956521735
"PS (Pagos Seleccionados) Ribera del Duero 2017",17206,4.550000000000001
"PS (Pagos Seleccionados) Ribera del Duero 2018",17206,4.550000000000001
"Castillo Ygay Gran Reserva Especial Tinto 2010",12540,4.433333333333333
"Ribera del Duero 2017",167685,4.3826086956521735
"Valbuena 5o 2004",60745,4.590322580645159
"Flor de Pingus 2018",14383,4.5
"PS (Pagos Seleccionados) Ribera del Duero 2019",17206,4.550000000000001
"Valbuena 5o 2000",60745,4.590322580645159
"Valbuena 5o 2002",60745,4.590322580645159
"Termanthia 2012",3088,4.574999999999999
"Termanthia 2011",3088,4.574999999999999
"Pago De Valtarrena 2015",999,4.6
"Malleolus de Sanchomartin 2011",1750,4.55
"Valbuena 5o 1999",60745,4.590322580645159
"Malleolus de Valderramiro 2015",1617,4.575
"Pingus 2010",3762,4.652941176470589
"Cuesta de Las Liebres 2010",1462,4.7
"Pingus 2012",3762,4.652941176470589
"El Titan del Bendito 2015",760,4.566666666666666
"Malleolus de Sanchomartin 2015",1750,4.55
"Pingus 2013",3762,4.652941176470589
"Terreus Paraje de Cueva Baja 2015",1029,4.64
"Terreus Paraje de Cueva Baja 2016",1029,4.64
"Pingus 2005",3762,4.652941176470589
"La Nieta 2017",867,4.675
"Vina El Pison 2006",1930,4.568750000000001
"Pingus 1998",3762,4.652941176470589
"Cirsion Rioja 2007",1003,4.6
"Cirsion Rioja 2012",1003,4.6
"Contador Rioja 2011",960,4.616666666666666
"Dalmau Rioja 2017",3526,4.43
"Unico 1965",38093,4.704878048780491
"Finca el Bosque 2015",929,4.5
"Pago de Santa Cruz 2018",1458,4.5
"Pingus 2003",3762,4.652941176470589
"Clos Fonta Priorat 2004",384,4.3999999999999995
"Pago De Valtarrena 2016",999,4.6
"Parcela El Picon Tinto 2014",761,4.616666666666666
"Malleolus de Sanchomartin 2014",1750,4.55
"Valbuena 5o 1992",60745,4.590322580645159
"Pingus 2014",3762,4.652941176470589
"Vina El Pison 2010",1930,4.568750000000001
"Parcela El Picon Tinto 2012",761,4.616666666666666
"Vina El Pison 2011",1930,4.568750000000001
"L'Ermita Velles Vinyes Priorat 1999",1455,4.666666666666667
"Cuvee N Vinas Viejas 2015",160,4.6
"Vina El Pison 2012",1930,4.568750000000001
"Unico 1973",38093,4.704878048780491
"Contador Rioja 2014",960,4.616666666666666
"Cartago Paraje de Pozo 2014",332,4.6000000000000005
"L'Ermita Velles Vinyes Priorat 1996",1455,4.666666666666667
"Termanthia 2014",3088,4.574999999999999
"Valbuena 5o 1985",60745,4.590322580645159
"Ribera del Duero Prestigio Pago de las Solanas 2001",189,4.55
"Valbuena 5o 1989",60745,4.590322580645159
"Contador Rioja 2015",960,4.616666666666666
"Vina El Pison 2005",1930,4.568750000000001
"Nit de Nin Mas d'en Cacador 2011",245,4.5
"VS 2018",2513,4.475
"Maria Remirez de Ganuza 2005",376,4.65
"Blecua Somontano 2013",378,4.425
"Unico Reserva Especial Edicion 1989",5892,4.730434782608696
"Alabaster 2017",440,4.666666666666667
"Terreus Paraje de Cueva Baja 2018",1029,4.64
"L'Ermita Velles Vinyes Priorat 1997",1455,4.666666666666667
"Frank Gehry Selection 2001",124,4.6
"Vina El Pison 2014",1930,4.568750000000001
"Unico 1967",38093,4.704878048780491
"Amaya Arzuaga (Coleccion) 2016",200,4.449999999999999
"Pingus 2000",3762,4.652941176470589
"L'Ermita Velles Vinyes Priorat 1995",1455,4.666666666666667
"Vina El Pison 2015",1930,4.568750000000001
"La Creu Alta 2013",278,4.574999999999999
"Unico 1975",38093,4.704878048780491
"Tinto 2019",268499,4.445283018867909
"5o Ano Ribera del Duero Tinto 2016",569,4.55
"Vina El Pison 2009",1930,4.568750000000001
"Planots Priorat 2010",158,4.55
"Unico Reserva Especial Edicion 2009",5892,4.730434782608696
"El Titan del Bendito 2018",760,4.566666666666666
"Capitel 2018",269,4.55
"Gran Arzuaga Ribera del Duero 2004",105,4.6
"Aquilon Garnacha 2015",420,4.575
"Pingus 1996",3762,4.652941176470589
"Horcajo 2015",100,4.6
"Pago De Valtarrena 2018",999,4.6
"Unico 2012",38093,4.704878048780491
"Aurus 2005",308,4.380000000000001
"Parcela El Picon Tinto 2011",761,4.616666666666666
"Trasnocho 2013",1542,4.483333333333333
"Cirsion Rioja 2017",1003,4.6
"Tinto 2008",38357,4.445283018867928
"Doroteo Edicion Especial 25 Aniversario 2015",86,4.6
"Tierra Alta de 2 Racimos Gran Reserva 2011",85,4.6
"Castillo Ygay Gran Reserva Especial Tinto 2011",12540,4.433333333333333
"Valbuena 5o 1980",60745,4.590322580645159
"Reserva Especial Ribera del Duero 2016",270,4.55
"Reserva Especial 2015",223,4.5
"Gran Buig Priorat 2004",79,4.6
"Finca Garbet 2014",107,4.55
"Clon De La Familia 2011",238,4.633333333333333
"Amancio 2007",851,4.485714285714286
"Gines Liebana Pedro Ximenez 1910",70,4.6
"Reserva Particular de Recaredo Brut Nature 2008",104,4.65
"Priorat 2008",18952,4.430769230769234
"Valbuena 5o 1983",60745,4.590322580645159
"Don PX Seleccion 1965",178,4.525
"L'Ermita Velles Vinyes Priorat 2001",1455,4.666666666666667
"Reserva 2017",55302,4.353846153846154
"Finca Las Naves 2016",63,4.6
"AAA 2008",119,4.55
"Vina del Olivo 2001",980,4.416666666666667
"L'Ermita Velles Vinyes Priorat 2010",1455,4.666666666666667
"Dalmau Rioja 2001",3526,4.43
"Les Aubaguetes Priorat 2016",158,4.55
"Cava Enoteca Finca La Plana Brut Nature 2001",58,4.6
"Aquilon Garnacha 2016",420,4.575
"Gran Reserva Penas Aladas 2014",152,4.566666666666666
"Pena Lobera 2016",82,4.449999999999999
"La Creu Alta 2014",278,4.574999999999999
"Son Negre 2007",385,4.516666666666667
"1902 Centenary Carignan Priorat 2017",262,4.6499999999999995
"Unico 1961",38093,4.704878048780491
"Casa Cisca Monastrell 2016",672,4.3999999999999995
"Moncerbal Bierzo (Corullon) 2016",48,4.6
"Capricho 2014",47,4.6
"Pingus 2018",3762,4.652941176470589
"Cerrado del Castillo Rioja 2016",316,4.5
"Kalamity Rioja 2018",111,4.5
"Valbuena 5o 1979",60745,4.590322580645159
"Respeto 2015",74,4.6
"El Garnacho Viejo de la Familia Acha 2014",45,4.6
"Ribera del Duero Prestigio 2016",235,4.55
"1902 Centenary Carignan Priorat 2016",262,4.6499999999999995
"La Poza de Ballesteros 2009",568,4.4333333333333345
"Reserva Rioja (Finca Ygay) 1954",9171,4.333333333333333
"Reserva Especial 2016",223,4.5
"Vina El Pison 2017",1930,4.568750000000001
"Idus 2020",362,4.466666666666667
"Priorat 2003",18952,4.430769230769234
"Amancio 2017",851,4.485714285714286
"Clon De La Familia 2015",238,4.633333333333333
"Unico Reserva Especial Edicion 1982",5892,4.730434782608696
"Finca el Bosque 2002",929,4.5
"Valdafoz Bierzo (Corullon) 2011",38,4.6
"La Creu Alta 2017",278,4.574999999999999
"Rioja Gran Reserva 1986",12629,4.3
"Valdegatiles Ribera del Duero 2012",63,4.6
"Don PX Seleccion 1962",178,4.525
"Respublica Verdejo 2016",33,4.6
"Gran Reserva Penas Aladas 2015",152,4.566666666666666
"Les Tosses 2016",205,4.466666666666667
"Torremilanos Coleccion Ribera del Duero 2016",129,4.5
"El Carretil 2017",455,4.466666666666668
"Taberner No. 1 2013",70,4.55
"Vina Motulleri 2011",30,4.6
"Saktih 2013",58,4.55
"Cuvee Palomar 2017",30,4.6
"L'Ermita Velles Vinyes Priorat 2014",1455,4.666666666666667
"Valdegatiles Ribera del Duero 2013",63,4.6
"Respeto 2017",74,4.6
"Uno Tinto 2010",28,4.6
"Macan 2017",5615,4.5
"1903 Centenary Grenache 2016",28,4.6
"La Faraona Bierzo (Corullon) 2010",90,4.633333333333333
"Galiano Seleccion Especial 2013",28,4.6
"Son Negre 2004",385,4.516666666666667
"5o Ano Ribera del Duero Tinto 2017",569,4.55
"L'Ermita Velles Vinyes Priorat 2011",1455,4.666666666666667
"Etern Vinyes Molt Velles 2016",26,4.6
"40 Aniversario Gran Reserva 2012",25,4.6
"Corpinnat Enoteca Reserva Particular de Recaredo 2004",25,4.6
"Don PX Pedro Ximenez 1968",668,4.514285714285714
"Tinto 2016",268499,4.445283018867909
"Ribera del Duero 2013",55895,4.3826086956521735
"Ribera del Duero 2014",111790,4.3826086956521735
"Toro 2014",23645,4.377777777777777
"Tinto 2018",345213,4.4452830188679195
"Ribera del Duero 2015",111790,4.3826086956521735
"Toro 2015",23645,4.377777777777777
"Tinto 2017",268499,4.445283018867909
"PS (Pagos Seleccionados) Ribera del Duero 2016",17206,4.550000000000001
"Castillo Ygay Gran Reserva Especial Tinto 2005",12540,4.433333333333333
"Gran Reserva 890 2005",5694,4.5125
"Castillo Ygay Gran Reserva Especial Tinto 2009",12540,4.433333333333333
"Toro 2016",23645,4.377777777777777
"Flor de Pingus 2016",14383,4.5
"PS (Pagos Seleccionados) Ribera del Duero 2015",17206,4.550000000000001
"Clio 2015",9230,4.5
"Flor de Pingus 2014",14383,4.5
"Flor de Pingus 2010",14383,4.5
"Flor de Pingus 2015",14383,4.5
"Clio 2016",9230,4.5
"Clio 2017",9230,4.5
"PS (Pagos Seleccionados) Ribera del Duero 2011",17206,4.550000000000001
"Macan 2014",5615,4.5
"Clio 2018",9230,4.5
"Garnacha 2017",5253,4.4
"Parcela El Nogal Tinto 2015",3151,4.5
"Valbuena 5o 2003",60745,4.590322580645159
"Macan 2015",5615,4.5
"Ribera del Duero 2003",55895,4.3826086956521735
"Belondrade y Lurton 2018",3567,4.45
"Parcela El Nogal Tinto 2014",3151,4.5
"Reserva 2014",92170,4.353846153846153
"Flor de Pingus 2017",14383,4.5
"Rioja Reserva 2012",78636,4.305
"Prado Enea Gran Reserva 2014",1424,4.385714285714286
"Rioja Reserva 2011",39318,4.305000000000001
"Gran Reserva 890 2004",5694,4.5125
"Belondrade y Lurton 2019",3567,4.45
"Priorat 2015",9476,4.430769230769229
"Torre Muga 2016",5026,4.366666666666667
"Macan 2016",5615,4.5
"Termanthia 2010",3088,4.574999999999999
"Malleolus de Valderramiro 2011",1617,4.575
"Priorat 2017",18952,4.430769230769234
"Dalmau Rioja 2014",3526,4.43
"Reserva 2015",55302,4.353846153846154
"Parcela El Nogal Tinto 2016",3151,4.5
"Gran Reserva 890 1995",5694,4.5125
"Clio 2019",9230,4.5
"Aro 2015",853,4.5
"Gran Reserva 2007",5127,4.38421052631579
"San Vicente Rioja 2017",3651,4.366666666666667
"Ribera del Duero TSM 2017",1128,4.433333333333334
"Pago de Santa Cruz 2016",1458,4.5
"Ribera Del Duero Reserva Premium 6 Anos 2011",959,4.5
"Trasnocho 2012",1542,4.483333333333333
"Clos de L'Obac 2005",665,4.433333333333334
"Valbuena 5o 1996",60745,4.590322580645159
"Reserva Ribera del Duero 2017",2333,4.4
"Gran Reserva 890 2010",5694,4.5125
"Ribera Del Duero 2018",168389,4.383098591549295
"Pago de Santa Cruz 2015",1458,4.5
"Ribera Del Duero Reserva Premium 6 Anos 2012",959,4.5
"Bruto 2018",810,4.5
"Culmen Reserva Rioja 2015",1331,4.433333333333334
"Cirsion Rioja 2016",1003,4.6
"Priorat 2018",28428,4.430769230769234
"Bruto 2017",810,4.5
"VS 2017",2513,4.475
"Termanthia 2013",3088,4.574999999999999
"Trasnocho 2011",1542,4.483333333333333
"Reserva 2016",73736,4.353846153846154
"Vina Tondonia Gran Reserva 1995",391,4.433333333333334
"Petit Verdot 2015",660,4.466666666666666
"5o Ano Ribera del Duero Tinto 2011",569,4.55
"El Titan del Bendito 2017",760,4.566666666666666
"Petit Verdot 2014",660,4.466666666666666
"Amancio 2012",851,4.485714285714286
"Clos Martinet 2014",3211,4.339999999999999
"Trasnocho 2006",1542,4.483333333333333
"Ribera del Duero 1995",55895,4.3826086956521735
"Aro 2016",853,4.5
"Valbuena 5o 1987",60745,4.590322580645159
"Pago de Santa Cruz 2017",1458,4.5
"Millenium Gran Reserva 2015",213,4.5
"Regina Vides Ribera del Duero 2011",1095,4.455555555555555
"Finca Dofi 2006",6036,4.3199999999999985
"Gran Reserva Ribera del Duero 2015",345,4.4
"Vina del Olivo 2017",980,4.416666666666667
"Flor de Pingus 2019",14383,4.5
"Seleccio Especial Vinyes Velles 2015",775,4.4
"Calvario Rioja 2009",542,4.45
"Ribera del Duero Una Cepa I 2017",4573,4.375
"Ribera del Duero Prestigio 2015",235,4.55
"Regina Vides Ribera del Duero 2014",1095,4.455555555555555
"Grans Muralles 2015",681,4.42
"Pesus Ribera del Duero 2014",821,4.525
"Gran Vino Albarino 2019",188,4.5
"Reserva Especial Ribera del Duero 2015",270,4.55
"Pago Garduna 2016",318,4.5
"Belondrade y Lurton 2020",3567,4.45
"Toro 2017",23645,4.377777777777777
"La Cueva del Contador Rioja 2017",1193,4.4
"Finca el Bosque 2016",929,4.5
"Que Bonito Cacareaba Blanco 2018",170,4.5
"5o Ano Ribera del Duero Tinto 2014",569,4.55
"Baron de Chirel Rioja Reserva 2016",2296,4.400000000000001
"Capitel 2016",269,4.55
"Turo d'en Mota 2005",367,4.566666666666666
"Amancio 2015",851,4.485714285714286
"Regina Vides Ribera del Duero 2015",1095,4.455555555555555
"Emeritvs (Emeritus) 2013",344,4.4
"Regina Vides Ribera del Duero 2016",1095,4.455555555555555
"Turo d'en Mota 2006",367,4.566666666666666
"Cami Pesseroles 2009",843,4.481818181818182
"Reserva 2018",36868,4.353846153846156
"Amancio 2014",851,4.485714285714286
"Finca Los Hoyales Ribera del Duero 2015",491,4.45
"Vina El Pison 2013",1930,4.568750000000001
"Pesus Ribera del Duero 2015",821,4.525
"Pago Garduna 2009",318,4.5
"La Basseta 2013",315,4.466666666666667
"Territorio Luthier Reserva 2016",128,4.5
"Valbuena 5o 1988",60745,4.590322580645159
"Son Negre 2011",385,4.516666666666667
"Clos de L'Obac 2010",665,4.433333333333334
"Vinas Viejas de Soria Ribera Del Duero 2018",571,4.380000000000001
"Pago de Santa Cruz Gran Reserva Ribera del Duero 2014",231,4.45
"Cami Pesseroles 2010",843,4.481818181818182
"Parcela El Picon Tinto 2015",761,4.616666666666666
"Seleccion Rioja 2015",157,4.45
"Millenium Reserva 1996",266,4.45
"Acediano 2015",415,4.425
"Gaudium 2016",2817,4.383333333333334
"Vinas Viejas de Soria Ribera Del Duero 2017",571,4.380000000000001
"Finca el Bosque 2017",929,4.5
"Pico de Luyas 2016",133,4.4
"Grandes Anadas Rioja 2001",323,4.425
"Bruto 2019",810,4.5
"Aro 2004",853,4.5
"Mas Via Gran Reserva Brut 2004",131,4.4
"Les Aubaguetes Priorat 2015",158,4.55
"La Mula de la Quietud 2016",355,4.6
"Navarra Coleccion 125 Blanco 2018",301,4.45
"Dalmau Rioja 2015",3526,4.43
"Chardonnay Uno 2011",149,4.4
"Don PX Vieja Cosecha 1973",95,4.5
"Ribas de Cabrera 2018",94,4.5
"Cenit 2012",92,4.5
"El Carretil 2012",455,4.466666666666668
"Quinon de Valmira 2016",190,4.6
"Acediano 2014",415,4.425
"Mas del Serral 2007",82,4.5
"Estrats 2009",132,4.4
"Son Negre 2016",385,4.516666666666667
"Finca el Bosque 2018",929,4.5
"Grans Muralles 2000",681,4.42
"Malleolus de Valderramiro 2018",1617,4.575
"Contador Rioja 2016",960,4.616666666666666
"Vina Tondonia Gran Reserva Blanco 1981",78,4.5
"Cami Pesseroles 2014",843,4.481818181818182
"Priorat 2019",9476,4.430769230769229
"8000 2017",75,4.5
"Pesus Ribera del Duero 2009",821,4.525
"La Basseta 2017",315,4.466666666666667
"La Poza de Ballesteros 2010",568,4.4333333333333345
"Mironia Black Edition Tempranillo 2015",73,4.5
"La Creu Alta 2015",278,4.574999999999999
"Miserere 2010",370,4.45
"Prado Enea Gran Reserva 2015",1424,4.385714285714286
"Alma Tobia Rioja 2015",72,4.5
"Tm 2016",71,4.5
"Doix 2017",876,4.385714285714286
"La Loma 2017",98,4.6
"Nebro Ribera del Duero 2011",266,4.4
"Priorat 2012",18952,4.430769230769234
"El Carretil 2015",455,4.466666666666668
"El Canto del Angel 2014",66,4.5
"Grandes Anadas Rioja 1998",323,4.425
"Rioja Blanco Reserva 2012",66,4.5
"Gran Reserva 2011",15381,4.384210526315791
"Calvario Rioja 2002",542,4.45
"Gran Reserva Penas Aladas 2012",152,4.566666666666666
"Cami Pesseroles 2012",843,4.481818181818182
"Unico 1969",38093,4.704878048780491
"Gratallops Partida Bellvisos 2005",128,4.45
"Coleccion Privada 2017",1690,4.333333333333333
"Finca El Canto 2015",58,4.5
"Finca Cascorrales 2016",57,4.5
"Rioja Gran Reserva 904 1987",6814,4.3500000000000005
"AAA 2004",119,4.55
"Tinto 2007",76714,4.445283018867928
"Rioja Gran Reserva 1994",12629,4.3
"Gran Reserva 1964",5127,4.38421052631579
"Marques de Poley Amontillado Seleccion 1951 1951",53,4.5
"Ribera Del Duero Reserva Premium 6 Anos 2014",959,4.5
"Reserva Especial 2006",223,4.5
"Platon Tinto 2019",52,4.5
"Altos de Las Gateras Monastrell 2013",51,4.5
"Canta la Perdiz 2013",51,4.5
"Marques de la Concordia VSG Premium (formerly Hacienda de Susar Rioja) 2016",50,4.5
"Cava Kripta Gran Reserva Brut Nature 2013",1861,4.425000000000001
"Alba de Miros Rueda Verdejo 2019",49,4.5
"Ribera del Duero TSM 2006",1128,4.433333333333334
"Pendon De La Aguilera 2010",47,4.5
"V2 Tinto 2009",482,4.3999999999999995
"L'Ermita Velles Vinyes Priorat 2003",1455,4.666666666666667
"Cami Pesseroles 2016",843,4.481818181818182
"Planots Priorat 2013",158,4.55
"Celia 2011",94,4.4
"Ribera del Duero Prestigio Pago de las Solanas 2010",189,4.55
"Priorat 1998",9476,4.430769230769229
"Calmo 2014",43,4.5
"Gran Reserva 1928",5127,4.38421052631579
"Dalmau Rioja 2000",3526,4.43
"Son Negre 2005",385,4.516666666666667
"Confesor Rioja 2004",42,4.5
"Cartago Paraje de Pozo 2016",332,4.6000000000000005
"La Bienquerida 2019",420,4.375
"Seleccion Especial 2015",35518,4.333333333333333
"Taberner No. 1 2011",70,4.55
"Palomero 2010",38,4.5
"Grano a Grano 2017",37,4.5
"Nebro Ribera del Duero 2015",266,4.4
"Valbuena 5o 1976",60745,4.590322580645159
"Petit Verdot 2018",660,4.466666666666666
"La Faraona Bierzo (Corullon) 2015",90,4.633333333333333
"Cuvee Julia Ribera del Duero 2011",35,4.5
"Don PX Seleccion 1949",178,4.525
"Garnacha 2019",5253,4.4
"Vina Tondonia Gran Reserva 2001",391,4.433333333333334
"Cami Pesseroles 2013",843,4.481818181818182
"Las Lamas Bierzo (Corullon) 2018",176,4.366666666666667
"Finca Garbet 2015",107,4.55
"200 Monges Rioja Reserva Seleccion Especial 2006",32,4.5
"Galia Clos Santuy 2016",60,4.4
"Tomas Esteban 2011",89,4.4
"Finca Las Comas Verdejo 2018",92,4.4
"Valbuena 5o 1975",60745,4.590322580645159
"Petit Verdot 2004",660,4.466666666666666
"St Antoni de Scala Dei Priorat 2017",30,4.5
"Anada Palo Cortado 1987 1991",83,4.6
"Valdegines 2019",806,4.3500000000000005
"Seda de Oro Reserva 2016",29,4.5
"Grano a Grano Graciano - Garnacha 2016",29,4.5
"Reserva 1986",18434,4.353846153846154
"Carraquintana de Amaren 2017",29,4.5
"Garnacha Parcela 81 Vinas Viejas 2017",28,4.5
"Saktih 2016",58,4.55
"Cava Enoteca Finca de L'Origen Brut Nature 2002",28,4.5
"Salinas 1237 2014",28,4.5
"Cabernet Sauvignon 2019",27,4.5
"Finca La Colina Sauvignon Blanc 2021",27,4.5
"Vina Ardanza Reserva 2015",39103,4.275
"Roda I Reserva Rioja 2009",13188,4.372727272727271
"Roda I Reserva Rioja 2010",13188,4.372727272727271
"3er Ano Ribera del Duero Tinto 2017",5836,4.366666666666667
"Ribera del Duero 2007",55895,4.3826086956521735
"Macan Clasico 2016",2610,4.366666666666667
"Roda I Reserva Rioja 2011",13188,4.372727272727271
"Alaya Tierra (Old Vines Vieilles Vignes) 2017",3893,4.4
"Castillo Ygay Gran Reserva Especial Tinto 2004",12540,4.433333333333333
"Roda I Reserva Rioja 2012",13188,4.372727272727271
"3er Ano Ribera del Duero Tinto 2018",5836,4.366666666666667
"Cosecha 2018",3043,4.4
"Red 2019",5143,4.266666666666667
"Macan 2010",5615,4.5
"Ribera del Duero 2006",55895,4.3826086956521735
"Torre Muga 2006",5026,4.366666666666667
"Roda I Reserva Rioja 2015",13188,4.372727272727271
"El Viejo 2018",3024,4.25
"Ribera del Duero Una Cepa I 2016",4573,4.375
"Hacienda Pradolagar 2015",1326,4.4
"Cava Kripta Gran Reserva Brut Nature 2008",1861,4.425000000000001
"Cosecha 2017",3043,4.4
"Rioja Reserva 2010",39318,4.305000000000001
"Garnacha 2016",5253,4.4
"Rioja Reserva 2009",39318,4.305000000000001
"Ribera del Duero 2005",55895,4.3826086956521735
"Alaya Tierra (Old Vines Vieilles Vignes) 2018",3893,4.4
"Ribera del Duero 2004",55895,4.3826086956521735
"Priorat 2014",9476,4.430769230769229
"200 Monges Rioja Reserva 2011",3649,4.32
"Reserva Ribera del Duero 2016",2333,4.4
"Malleolus 2019",2099,4.300000000000001
"VS 2014",2513,4.475
"Reserva 2011",18434,4.353846153846154
"Flor de Pingus 2008",14383,4.5
"Roda I Reserva Rioja 2016",13188,4.372727272727271
"Reserva Tinto 2017",2678,4.35
"VS 2015",2513,4.475
"Jumilla Blue Label 2019",7606,4.25
"San Vicente Rioja 2011",3651,4.366666666666667
"Garnacha 2018",5253,4.4
"Triga 2016",2209,4.366666666666667
"Gaudium 2014",2817,4.383333333333334
"Victorino 2016",3456,4.340000000000001
"Priorat 2011",9476,4.430769230769229
"Priorat 2010",9476,4.430769230769229
"Culmen Reserva Rioja 2011",1331,4.433333333333334
"Alaya Tierra (Old Vines Vieilles Vignes) 2019",3893,4.4
"Roda I Reserva Rioja 2005",13188,4.372727272727271
"Reserva Privada Rioja 2015",2113,4.35
"Pago Negralada 2014",1706,4.380000000000001
"Baron de Chirel Rioja Reserva 2015",2296,4.400000000000001
"Ribera del Duero 2001",55895,4.3826086956521735
"Baron de Chirel Rioja Reserva 2005",2296,4.400000000000001
"Rejon Tempranillo 2015",1273,4.3500000000000005
"Finca Dofi 2016",6036,4.3199999999999985
"Interpretacion 2016",618,4.4
"Torre Muga 2015",5026,4.366666666666667
"San Vicente Rioja 2016",3651,4.366666666666667
"Vendimia 2017",1726,4.333333333333333
"Priorat Vinyes Velles 2017",1998,4.325
"Gaudium 2015",2817,4.383333333333334
"Macan Clasico 2017",2610,4.366666666666667
"Rioja Reserva 2013",78636,4.305
"Dalmau Rioja 2016",3526,4.43
"Tempranillo Reserva 2010",700,4.333333333333333
"Whisba Tempranillo Aged 18 Months in Whisky Barrels 2019",363,4.4
"A Mano Rioja 2017",2331,4.32
"Finca Los Hoyales Ribera del Duero 2014",491,4.45
"200 Monges Rioja Gran Reserva 2001",389,4.35
"La Cueva del Contador Rioja 2011",1193,4.4
"La Hormiga de Antidoto 2019",336,4.4
"Edicion Limitada 2015",328,4.4
"Lealtanza Coleccion de Artistas Espanoles Sorolla 2010",316,4.4
"Granja Gran Reserva Rioja 2011",1252,4.375
"Priorat 2016",9476,4.430769230769229
"Don PX Pedro Ximenez 1994",668,4.514285714285714
"Perez Pascuas Gran Reserva Seleccion 2010",941,4.3500000000000005
"Cava Kripta Gran Reserva Brut Nature 2011",1861,4.425000000000001
"Miserere 2005",370,4.45
"Clos Martinet 2015",3211,4.339999999999999
"V2 Tinto 2008",482,4.3999999999999995
"Grans Muralles 2014",681,4.42
"Cerrado del Castillo Rioja 2015",316,4.5
"A Mano Rioja 2018",2331,4.32
"Rioja Gran Reserva 2016",37887,4.300000000000001
"El Puntido Gran Reserva 2007",1021,4.35
"Pagos Viejos 2004",644,4.333333333333333
"Ribera del Duero 1996",55895,4.3826086956521735
"Trasnocho 2010",1542,4.483333333333333
"La Cueva del Contador Rioja 2016",1193,4.4
"Clos Martinet 2011",3211,4.339999999999999
"Cava Kripta Gran Reserva Brut Nature 2010",1861,4.425000000000001
"Triga 2017",2209,4.366666666666667
"Cuvee Old Vines Unfiltered 2017",241,4.4
"Gran Reserva 2010",5127,4.38421052631579
"Fondillon 1996",236,4.4
"Cirerets 2018",289,4.4
"Dominio del Pidio 2018",225,4.4
"Vina del Olivo 2016",980,4.416666666666667
"La Cueva del Contador Rioja 2012",1193,4.4
"Clos Martinet 2008",3211,4.339999999999999
"Vinas Viejas Verdejo 2019",3503,4.300000000000001
"Valbuena 5o 1994",60745,4.590322580645159
"Tadeo Tinto 2014",215,4.4
"Tierras de Cair Reserva 2014",743,4.35
"Tinto 2014",115071,4.445283018867914
"Navarra Coleccion 125 Blanco 2017",301,4.45
"Cava Celler Batlle 2006",488,4.4
"Rioja Blanco 2017",5274,4.309090909090909
"Casa Cisca Monastrell 2015",672,4.3999999999999995
"Calvario Rioja 2008",542,4.45
"Granja Gran Reserva Rioja 2012",1252,4.375
"Pago Negralada 2013",1706,4.380000000000001
"Doix 2007",876,4.385714285714286
"Seleccio Especial Vinyes Velles 2013",775,4.4
"Idus 2017",362,4.466666666666667
"Clos Martinet 2007",3211,4.339999999999999
"Clos Abella Seleccion Especial 2014",217,4.35
"Pie Franco 2017",467,4.366666666666667
"Amancio 2013",851,4.485714285714286
"Malleolus de Sanchomartin 2007",1750,4.55
"Culmen Reserva Rioja 2001",1331,4.433333333333334
"Singular V Malcorta Verdejo 2020",168,4.4
"Serral del Vell Brut Nature 2014",280,4.4
"Pago Negralada 2009",1706,4.380000000000001
"Trasnocho 2014",1542,4.483333333333333
"Doix 2013",876,4.385714285714286
"Seleccion Finca el Grajo Viejo 2016",1184,4.3500000000000005
"Finca el Bosque 2014",929,4.5
"La Poza de Ballesteros 2015",568,4.4333333333333345
"Millenium Reserva 2015",266,4.45
"Gaudium 1994",2817,4.383333333333334
"Vina del Olivo 2015",980,4.416666666666667
"Finca el Bosque 2012",929,4.5
"Malpuesto 2018",397,4.35
"Valdegines 2018",806,4.3500000000000005
"Chafandin 2018",514,4.333333333333333
"Vina El Pison 2007",1930,4.568750000000001
"Pago Negralada 2016",1706,4.380000000000001
"La Vina de Andres Romeo Rioja 2012",290,4.35
"Pesus Ribera del Duero 2012",821,4.525
"Regina Vides Ribera del Duero 2012",1095,4.455555555555555
"Delicado Cosecha Pedro Ximenez 2019",319,4.35
"Quincha Corral 2016",145,4.4
"Els Escurcons 2014",326,4.333333333333333
"Rioja Reserva 2014",117954,4.305000000000001
"Idus 2018",362,4.466666666666667
"Vinos Singulares Tempranillo Blanco Reserva 2014",141,4.4
"Christina Ribera del Duero 2016",219,4.35
"Desti 2018",136,4.4
"Gran Reserva Classica Tinto 2001",135,4.4
"Aquilon Garnacha 2014",420,4.575
"Rioja Blanco 2018",7911,4.3090909090909095
"Seleccion de Anada Albarino Rias Baixas 2012",1171,4.300000000000001
"Albarino de Fefinanes III Ano 2017",128,4.4
"Reserva Ribera del Duero 2018",2333,4.4
"Perpetual 2017",657,4.35
"Cava Celler Batlle 2010",488,4.4
"Seleccio Especial Vinyes Velles 2016",775,4.4
"El Cel 2015",211,4.4
"Montes Obarenes Seleccion Terroir 2016",332,4.333333333333333
"Porrera Vi de Vila 2017",747,4.325
"Gran Ribera del Duero 2010",122,4.4
"Heretge Priorat 2017",153,4.4
"Vinas Viejas 2018",730,4.333333333333333
"La Poza de Ballesteros 2014",568,4.4333333333333345
"El Carretil 2010",455,4.466666666666668
"Pago de Santa Cruz Gran Reserva Ribera del Duero 2015",231,4.45
"17 2018",115,4.4
"Pesus Ribera del Duero 2011",821,4.525
"Doix 2014",876,4.385714285714286
"Les Tosses 2014",205,4.466666666666667
"Cami Pesseroles 2007",843,4.481818181818182
"La Poza de Ballesteros 2013",568,4.4333333333333345
"Clos del Portal Tros de Clos 2016",109,4.4
"Pago de Santa Cruz 2019",1458,4.5
"La Basseta 2016",315,4.466666666666667
"Classic 1996",530,4.340000000000001
"Nit de Nin Mas d'en Cacador 2017",245,4.5
"Minami 2016",106,4.4
"Rioja Gran Reserva 904 1982",6814,4.3500000000000005
"Vi de Vila Gratallops 2019",2668,4.283333333333334
"Acediano 2016",415,4.425
"Cava Celler Batlle 2009",488,4.4
"Classic 2012",530,4.340000000000001
"Veguin de Murua Gran Reserva 2012",101,4.4
"Doix 2015",876,4.385714285714286
"Teixar 2015",99,4.4
"Anada Pedro Ximenez 2018",99,4.4
"Vina El Pison 1999",1930,4.568750000000001
"Clos del Portal Somni 2016",557,4.300000000000001
"Les Manyes 2015",408,4.316666666666667
"Emporda Aires de Garbet 2017",134,4.4
"Montes de Toledo Syrah 2019",441,4.35
"Torremilanos Coleccion Ribera del Duero 2014",129,4.5
"Regina Vides Ribera del Duero 2010",1095,4.455555555555555
"Maceracion Con Pieles 2017",95,4.4
"Don PX Pedro Ximenez 1986",668,4.514285714285714
"Baron de Chirel Rioja Reserva 2003",2296,4.400000000000001
"Pie Franco 2018",467,4.366666666666667
"La Cueva del Contador Rioja 2004",1193,4.4
"Clos Monlleo 2011",162,4.35
"Calvario Rioja 2010",542,4.45
"Blecua Somontano 2004",378,4.425
"El Cel 2016",211,4.4
"Rioja Reserva 10 Anos Despues Edicion Limitada 2011",88,4.4
"El Carretil 2014",455,4.466666666666668
"Perinet + Plus 2004",85,4.4
"Priorat 1999",9476,4.430769230769229
"Vina El Pison 2001",1930,4.568750000000001
"Finca Dofi 2019",6036,4.3199999999999985
"Castillo Ygay Gran Reserva Especial Tinto 1959",12540,4.433333333333333
"Cami Pesseroles 2008",843,4.481818181818182
"Ribera del Duero Torralvo 2018",208,4.35
"El Cabernet F - Familiar 2017",80,4.4
"Premium 2018",79,4.4
"Hipperia Red Blend 2018",263,4.35
"Maria Ribera del Duero 2016",153,4.4
"Vendimia Seleccionada 2019",157,4.366666666666666
"Vina El Pison 2016",1930,4.568750000000001
"Clos Figueres 2017",732,4.325
"Castillo de Monte la Reina Cuvee Privee 2015",75,4.4
"Maria Ribera del Duero 2015",153,4.4
"Queiron Reserva Vinedos Familiares 2011",74,4.4
"Cami Pesseroles 2011",843,4.481818181818182
"Don PX Gran Reserva 1990",213,4.366666666666667
"Seleccio Especial Vinyes Velles 2017",775,4.4
"Llanos del Almendro Ribera del Duero 2011",372,4.333333333333333
"Prado Enea Gran Reserva 1989",1424,4.385714285714286
"Prado Enea Gran Reserva 1991",1424,4.385714285714286
"Victorino 2019",3456,4.340000000000001
"Roda I Reserva Rioja 2017",13188,4.372727272727271
"Toro 2V Premium 2005",70,4.4
"Rejon Tempranillo 2018",1273,4.3500000000000005
"Les Eres Vinyes Velles 2015",70,4.4
"Gran Reserva Classica Blanco 2012",70,4.4
"The Artist 2016",69,4.4
"La Comtesse de Pazo Barrantes Albarino 2017",69,4.4
"Gratallops Partida Bellvisos 2007",128,4.45
"Seleccion Especial 2018",17759,4.333333333333334
"5V Blanco 2019",68,4.4
"Finca Butaros Vinya Centenaria 2015",67,4.4
"Grans Muralles 2016",681,4.42
"La Bienquerida 2018",420,4.375
"El Carretil 2016",455,4.466666666666668
"Seleccion Privada 2011",144,4.35
"Seleccion Finca el Grajo Viejo 2017",1184,4.3500000000000005
"Aponte Winemaker's Private Collection Tempranillo 2008",66,4.4
"Cami de Cormes 2018",65,4.4
"Kalamity Rioja 2017",111,4.5
"1194 2016",64,4.4
"Malabrigo Ribera del Duero 2018",439,4.35
"Reserva Trajanvs 2016",64,4.4
"Finca Dofi 1999",6036,4.3199999999999985
"Granja Gran Reserva Rioja 2013",1252,4.375
"Emporda Gran Claustro 2015",63,4.4
"Son Negre 2010",385,4.516666666666667
"200 Monges Rioja Reserva 2012",3649,4.32
"Lalomba Finca Valhonta 2017",61,4.4
"Manyetes 2017",91,4.4
"Gran Reserva 2014",15381,4.384210526315791
"Serral del Vell Brut Nature 2016",280,4.4
"Pago Valdebellon 2016",1057,4.325
"Cava Celler Batlle 2011",488,4.4
"Pesus Ribera del Duero 2003",821,4.525
"Les Tosses 2013",205,4.466666666666667
"Guarda de Leda Seleccion Tempranillo 2015",59,4.4
"Vinyes Altes Porrera 2016",143,4.4
"5 Partides Gratallops Vi de La Vila 2014",58,4.4
"Cava Ex-Vite Gran Reserva Brut 2010",57,4.4
"Valbuena 5o 1982",60745,4.590322580645159
"Summa Edicion Limitada 2015",56,4.4
"Cirerets 2019",289,4.4
"Pago El Espino 2019",611,4.300000000000001
"Gran Reserva 2015",10254,4.384210526315791
"Perez Pascuas Gran Reserva Seleccion 2015",941,4.3500000000000005
"Gloria Rioja 2011",172,4.35
"Petra de Valpiedra Garnacha 2017",55,4.4
"Alto de la Caseta 2015",124,4.35
"Serral del Vell Brut Nature 2015",280,4.4
"Rejon Tempranillo 2017",1273,4.3500000000000005
"Mas de la Rosa 2016",53,4.4
"Rioja B70 2014",52,4.4
"Don Miguel 2016",51,4.4
"Singular Negre 2015",51,4.4
"Vinyes Altes Porrera 2017",143,4.4
"Rioja Reserva Especial 1922",51,4.4
"Rioja Cisma 2014",121,4.4
"Seleccion Rioja 2018",157,4.45
"Martires Rioja 2015",83,4.4
"Cava Original Brut (Espumos) 2010",49,4.4
"Marti Reserva Penedes 2015",88,4.4
"Vina Ardanza Reserva Seleccion Especial 2015",49,4.4
"Pozo Alto 2016",48,4.4
"El Cristo de Samaniego 2017",47,4.4
"El Belisario 2016",47,4.4
"Baron de Ona Rioja Reserva 1995",46,4.4
"Don PX Seleccion 1968",178,4.525
"Gran Reserva 1978",5127,4.38421052631579
"Cepas Vellas Rias Baixas Albarino 2020",216,4.35
"La Aguilera 2016",44,4.4
"Pirata 2014",44,4.4
"Blecua Somontano 2014",378,4.425
"Hispania 2018",116,4.35
"Arousa 2019",44,4.4
"Las Cenizas Tempranillo 2018",43,4.4
"Solanes Priorat 2003",43,4.4
"Grandes Anadas Rioja 1994",323,4.425
"Cami Pesseroles 2017",843,4.481818181818182
"Cava Cuvee De Prestige Trepat 2019",43,4.4
"Felix Azpilicueta Coleccion Privada 2019",41,4.4
"Savinat Sauvignon Blanc 2019",41,4.4
"Capricho Crianza 2017",41,4.4
"Finca La Emperatriz Vinedo Singular Tinto 2017",41,4.4
"Galena 2017",95,4.35
"Rioja Reserva 1982",39318,4.305000000000001
"Finca Helena 2015",40,4.4
"Primordium 2012",40,4.4
"Marti Reserva Penedes 2016",88,4.4
"La Cuartilleja Reserva 2016",85,4.35
"Malleolus de Sanchomartin 2018",1750,4.55
"Noble 2015",38,4.4
"De Garage Rioja 2005",92,4.35
"Gran Calzadilla 2010",107,4.35
"4 Varietales Coleccion Rioja 2017",37,4.4
"Aurus 1998",308,4.380000000000001
"Don PX Pedro Ximenez 1973",668,4.514285714285714
"Numerus Clausus 2012",37,4.4
"Rioja Cisma 2012",121,4.4
"200 Monges Rioja Seleccion Especial Reserva Blanco 2008",36,4.4
"Don PX Gran Reserva 1994",213,4.366666666666667
"Emporda Aires de Garbet 2018",134,4.4
"Rioja Gran Reserva 1996",12629,4.3
"Campus Gothorum 2017",35,4.4
"La Pizca 2016",35,4.4
"Moradillo de Roa 2017",35,4.4
"Cofradia 2014",34,4.4
"Rioja Cisma 2009",121,4.4
"Vinyes Altes Porrera 2009",143,4.4
"Planella 2020",34,4.4
"Gallaecia Rias Baixes Albarino 2017",34,4.4
"Gran Reserva 1994",5127,4.38421052631579
"Monada 2013",33,4.4
"Heretge Priorat 2018",153,4.4
"Usted 2009",64,4.550000000000001
"Martires Rioja 2017",83,4.4
"Petit Verdot 2013",660,4.466666666666666
"La Cueva del Contador Rioja 2019",1193,4.4
"Manyetes 2018",91,4.4
"Don PX Convento Seleccion 1968",798,4.7
"Termanthia 2000",3088,4.574999999999999
"Baron de Chirel Rioja Reserva 2017",2296,4.400000000000001
"Rioja Blanco 2019",2637,4.309090909090909
"Vendimia Seleccionada 2020",157,4.366666666666666
"Petit Verdot 2016",660,4.466666666666666
"Reserva 1970",18434,4.353846153846154
"Vina Ardanza Reserva 2009",39103,4.275
"Vina Ardanza Reserva 2012",39103,4.275
"Seleccion Especial 2016",35518,4.333333333333333
"Toro 2010",23645,4.377777777777777
"Rioja Gran Reserva 904 2004",6814,4.3500000000000005
"3er Ano Ribera del Duero Tinto 2016",5836,4.366666666666667
"Ribera del Duero Una Cepa I 2015",4573,4.375
"Reserva Tinto 2016",2678,4.35
"Rioja Gran Reserva 2012",12629,4.3
"Garnacha 2014",10506,4.3999999999999995
"Rioja Gran Reserva 904 1998",6814,4.3500000000000005
"Rioja Reserva 2006",39318,4.305000000000001
"Reserva Privada Rioja 2014",2113,4.35
"Ribera del Duero Una Cepa I 2014",4573,4.375
"Roda I Reserva Rioja 2008",13188,4.372727272727271
"200 Monges Rioja Reserva 2010",3649,4.32
"Belondrade y Lurton 2015",3567,4.45
"Vinas Viejas Verdejo 2016",3503,4.300000000000001
"Victorino 2014",3456,4.340000000000001
"Gaudium 2012",2817,4.383333333333334
"Triga 2014",2209,4.366666666666667
"Rioja Gran Reserva 2013",12629,4.3
"Vendimia 2016",1726,4.333333333333333
"Dalmau Rioja 2012",3526,4.43
"Dalmau Rioja 2013",3526,4.43
"Torre Muga 2011",5026,4.366666666666667
"Vinas Viejas Verdejo 2018",3503,4.300000000000001
"Victorino 2013",3456,4.340000000000001
"Rioja Gran Reserva 2014",50516,4.3
"Priorat Vinyes Velles 2016",1998,4.325
"Finca Dofi 2012",6036,4.3199999999999985
"San Vicente Rioja 2014",3651,4.366666666666667
"Rioja Reserva 2017",39318,4.305000000000001
"Vina Ardanza Reserva 2010",39103,4.275
"Toro 2004",23645,4.377777777777777
"200 Monges Rioja Reserva 2009",3649,4.32
"El Puntido Gran Reserva 2006",1021,4.35
"Torre Muga 2014",5026,4.366666666666667
"San Vicente Rioja 2007",3651,4.366666666666667
"Priorat 2009",9476,4.430769230769229
"Granja Gran Reserva Rioja 2009",1252,4.375
"A Mano Rioja 2016",2331,4.32
"Baron de Chirel Rioja Reserva 2014",2296,4.400000000000001
"Reserva Ribera del Duero 2014",2333,4.4
"Finca Dofi 2011",6036,4.3199999999999985
"Finca Dofi 2013",6036,4.3199999999999985
"Seleccion de Anada Albarino Rias Baixas 2011",1171,4.300000000000001
"Ribera del Duero TSM 2019",1128,4.433333333333334
"Pago Valdebellon 2015",1057,4.325
"Vinas Viejas 2016",730,4.333333333333333
"A Mano Rioja 2012",2331,4.32
"Tierras de Cair Reserva 2012",743,4.35
"Seleccion Finca el Grajo Viejo 2014",1184,4.3500000000000005
"Perpetual 2016",657,4.35
"Priorat 2006",18952,4.430769230769234
"Finca Dofi 2017",6036,4.3199999999999985
"Victorino 2011",3456,4.340000000000001
"Priorat Vinyes Velles 2011",1998,4.325
"Pago Negralada 2015",1706,4.380000000000001
"Torre Muga 2005",5026,4.366666666666667
