wine,country
Tinto,Espana
"Vina El Pison",Espana
Unico,Espana
Unico,Espana
Unico,Espana
Unico,Espana
Unico,Espana
Unico,Espana
"Unico Reserva Especial Edicion",Espana
Unico,Espana
"Unico Reserva Especial Edicion",Espana
"El Anejon",Espana
"Unico Reserva Especial Edicion",Espana
Unico,Espana
"Don PX Convento Seleccion",Espana
"Cuesta de Las Liebres",Espana
Unico,Espana
"Unico Reserva Especial Edicion",Espana
"El Nido",Espana
"Unico Reserva Especial Edicion",Espana
"Unico Reserva Especial Edicion",Espana
Pingus,Espana
"Don PX Convento Seleccion",Espana
"Unico Reserva Especial Edicion",Espana
Unico,Espana
"Don PX Pedro Ximenez",Espana
"L'Ermita Velles Vinyes Priorat",Espana
"Unico Reserva Especial Edicion",Espana
"Unico Reserva Especial Edicion",Espana
"Vatan Arena Tinta de Toro",Espana
"Unico Reserva Especial Edicion",Espana
"Don PX Convento Seleccion",Espana
"Ribera Del Duero Gran Reserva 12 Anos",Espana
"Pesus Ribera del Duero",Espana
Tinto,Espana
Pingus,Espana
Tinto,Espana
"L'Ermita Velles Vinyes Priorat",Espana
Magico,Espana
Tinto,Espana
"L'Ermita Velles Vinyes Priorat",Espana
Tinto,Espana
"La Faraona Bierzo (Corullon)",Espana
"Gran Reserva 890",Espana
"L'Ermita Velles Vinyes Priorat",Espana
"Valbuena 5o",Espana
"Valbuena 5o",Espana
"Valbuena 5o",Espana
Unico,Espana
Unico,Espana
Unico,Espana
Unico,Espana
"Valbuena 5o",Espana
Unico,Espana
Unico,Espana
Unico,Espana
"Valbuena 5o",Espana
"Valbuena 5o",Espana
Unico,Espana
Unico,Espana
Unico,Espana
"Unico Reserva Especial Edicion",Espana
Unico,Espana
"Cuesta de Las Liebres",Espana
Unico,Espana
Unico,Espana
"Unico Reserva Especial Edicion",Espana
"El Anejon",Espana
"El Nido",Espana
"El Nido",Espana
"Unico Reserva Especial Edicion",Espana
"Castillo Ygay Gran Reserva Especial Blanco",Espana
"El Nido",Espana
"El Nido",Espana
"La Nieta",Espana
Unico,Espana
"Unico Reserva Especial Edicion",Espana
"Malleolus de Valderramiro",Espana
Pingus,Espana
Unico,Espana
"Malleolus de Sanchomartin",Espana
Pingus,Espana
Pingus,Espana
"El Nido",Espana
Alabaster,Espana
"La Mula de la Quietud",Espana
Unico,Espana
"Terreus Paraje de Cueva Baja",Espana
"Contador Rioja",Espana
"Maria Remirez de Ganuza",Espana
Unico,Espana
"La Nieta",Espana
Unico,Espana
Unico,Espana
Pingus,Espana
"Unico Reserva Especial Edicion",Espana
Pingus,Espana
Unico,Espana
"L'Ermita Velles Vinyes Priorat",Espana
"Cartago Paraje de Pozo",Espana
"Unico Reserva Especial Edicion",Espana
"Parcela El Picon Tinto",Espana
"Valbuena 5o",Espana
"L'Ermita Velles Vinyes Priorat",Espana
Termanthia,Espana
"Unico Reserva Especial Edicion",Espana
"Clon De La Familia",Espana
"Aquilon Garnacha",Espana
Unico,Espana
"Don PX Convento Seleccion",Espana
Unico,Espana
"Contador Rioja",Espana
Unico,Espana
Termanthia,Espana
Tinto,Espana
"Quinon de Valmira",Espana
"Unico Reserva Especial Edicion",Espana
"1902 Centenary Carignan Priorat",Espana
Unico,Espana
"Cirsion Rioja",Espana
"L'Ermita Velles Vinyes Priorat",Espana
"El Nido",Espana
"1902 Centenary Carignan Priorat",Espana
"Unico Reserva Especial Edicion",Espana
"L'Ermita Velles Vinyes Priorat",Espana
"Cami Pesseroles",Espana
"Turo d'en Mota",Espana
"Unico Reserva Especial Edicion",Espana
Priorat,Espana
"Parcela El Picon Tinto",Espana
"Gran Reserva 890",Espana
"Anada Palo Cortado 1987",Espana
"Daphne Glorian Red",Espana
"Don PX Pedro Ximenez",Espana
"La Nieta",Espana
"El Regollar",Espana
"Don PX Convento Seleccion",Espana
Alabaster,Espana
Touran,Espana
"Luthier Gran Reserva",Espana
"Vina El Pison",Espana
"Reserva Particular de Recaredo Brut Nature",Espana
"Terreus Paraje de Cueva Baja",Espana
"Pesus Ribera del Duero",Espana
Usted,Espana
"Gran Reserva",Espana
"Regina Vides Ribera del Duero",Espana
"La Loma",Espana
"L'Ermita Velles Vinyes Priorat",Espana
"Castillo Ygay Gran Reserva Especial Tinto",Espana
"Valbuena 5o",Espana
"Valbuena 5o",Espana
"Valbuena 5o",Espana
"Valbuena 5o",Espana
"Valbuena 5o",Espana
"Valbuena 5o",Espana
"Ribera del Duero",Espana
"PS (Pagos Seleccionados) Ribera del Duero",Espana
"PS (Pagos Seleccionados) Ribera del Duero",Espana
"Castillo Ygay Gran Reserva Especial Tinto",Espana
"Ribera del Duero",Espana
"Valbuena 5o",Espana
"Flor de Pingus",Espana
"PS (Pagos Seleccionados) Ribera del Duero",Espana
"Valbuena 5o",Espana
"Valbuena 5o",Espana
Termanthia,Espana
Termanthia,Espana
"Pago De Valtarrena",Espana
"Malleolus de Sanchomartin",Espana
"Valbuena 5o",Espana
"Malleolus de Valderramiro",Espana
Pingus,Espana
"Cuesta de Las Liebres",Espana
Pingus,Espana
"El Titan del Bendito",Espana
"Malleolus de Sanchomartin",Espana
Pingus,Espana
"Terreus Paraje de Cueva Baja",Espana
"Terreus Paraje de Cueva Baja",Espana
Pingus,Espana
"La Nieta",Espana
"Vina El Pison",Espana
Pingus,Espana
"Cirsion Rioja",Espana
"Cirsion Rioja",Espana
"Contador Rioja",Espana
"Dalmau Rioja",Espana
Unico,Espana
"Finca el Bosque",Espana
"Pago de Santa Cruz",Espana
Pingus,Espana
"Clos Fonta Priorat",Espana
"Pago De Valtarrena",Espana
"Parcela El Picon Tinto",Espana
"Malleolus de Sanchomartin",Espana
"Valbuena 5o",Espana
Pingus,Espana
"Vina El Pison",Espana
"Parcela El Picon Tinto",Espana
"Vina El Pison",Espana
"L'Ermita Velles Vinyes Priorat",Espana
"Cuvee N Vinas Viejas",Espana
"Vina El Pison",Espana
Unico,Espana
"Contador Rioja",Espana
"Cartago Paraje de Pozo",Espana
"L'Ermita Velles Vinyes Priorat",Espana
Termanthia,Espana
"Valbuena 5o",Espana
"Ribera del Duero Prestigio Pago de las Solanas",Espana
"Valbuena 5o",Espana
"Contador Rioja",Espana
"Vina El Pison",Espana
"Nit de Nin Mas d'en Cacador",Espana
VS,Espana
"Maria Remirez de Ganuza",Espana
"Blecua Somontano",Espana
"Unico Reserva Especial Edicion",Espana
Alabaster,Espana
"Terreus Paraje de Cueva Baja",Espana
"L'Ermita Velles Vinyes Priorat",Espana
"Frank Gehry Selection",Espana
"Vina El Pison",Espana
Unico,Espana
"Amaya Arzuaga (Coleccion)",Espana
Pingus,Espana
"L'Ermita Velles Vinyes Priorat",Espana
"Vina El Pison",Espana
"La Creu Alta",Espana
Unico,Espana
Tinto,Espana
"5o Ano Ribera del Duero Tinto",Espana
"Vina El Pison",Espana
"Planots Priorat",Espana
"Unico Reserva Especial Edicion",Espana
"El Titan del Bendito",Espana
Capitel,Espana
"Gran Arzuaga Ribera del Duero",Espana
"Aquilon Garnacha",Espana
Pingus,Espana
Horcajo,Espana
"Pago De Valtarrena",Espana
Unico,Espana
Tinto,Espana
Aurus,Espana
"Parcela El Picon Tinto",Espana
Trasnocho,Espana
"Cirsion Rioja",Espana
Tinto,Espana
"Doroteo Edicion Especial 25 Aniversario",Espana
"Tierra Alta de 2 Racimos Gran Reserva",Espana
"Castillo Ygay Gran Reserva Especial Tinto",Espana
"Valbuena 5o",Espana
"Reserva Especial Ribera del Duero",Espana
"Reserva Especial",Espana
"Gran Buig Priorat",Espana
"Finca Garbet",Espana
"Clon De La Familia",Espana
Amancio,Espana
"Gines Liebana Pedro Ximenez",Espana
"Reserva Particular de Recaredo Brut Nature",Espana
Priorat,Espana
"Valbuena 5o",Espana
"Don PX Seleccion",Espana
"L'Ermita Velles Vinyes Priorat",Espana
Reserva,Espana
"Finca Las Naves",Espana
AAA,Espana
"Vina del Olivo",Espana
"L'Ermita Velles Vinyes Priorat",Espana
"Dalmau Rioja",Espana
"Les Aubaguetes Priorat",Espana
"Cava Enoteca Finca La Plana Brut Nature",Espana
"Aquilon Garnacha",Espana
"Gran Reserva Penas Aladas",Espana
"Pena Lobera",Espana
"La Creu Alta",Espana
"Son Negre",Espana
"1902 Centenary Carignan Priorat",Espana
Unico,Espana
"Casa Cisca Monastrell",Espana
"Moncerbal Bierzo (Corullon)",Espana
Capricho,Espana
Pingus,Espana
"Cerrado del Castillo Rioja",Espana
"Kalamity Rioja",Espana
"Valbuena 5o",Espana
Respeto,Espana
"El Garnacho Viejo de la Familia Acha",Espana
"Ribera del Duero Prestigio",Espana
"1902 Centenary Carignan Priorat",Espana
"La Poza de Ballesteros",Espana
"Reserva Rioja (Finca Ygay)",Espana
"Reserva Especial",Espana
"Vina El Pison",Espana
Idus,Espana
Priorat,Espana
Amancio,Espana
"Clon De La Familia",Espana
"Unico Reserva Especial Edicion",Espana
"Finca el Bosque",Espana
"Valdafoz Bierzo (Corullon)",Espana
Tinto,Espana
"La Creu Alta",Espana
"Rioja Gran Reserva",Espana
"Valdegatiles Ribera del Duero",Espana
"Don PX Seleccion",Espana
"Respublica Verdejo",Espana
"Gran Reserva Penas Aladas",Espana
"Les Tosses",Espana
"Torremilanos Coleccion Ribera del Duero",Espana
"El Carretil",Espana
"Taberner No. 1",Espana
"Vina Motulleri",Espana
Saktih,Espana
"Cuvee Palomar",Espana
"L'Ermita Velles Vinyes Priorat",Espana
"Valdegatiles Ribera del Duero",Espana
Respeto,Espana
"Uno Tinto",Espana
Macan,Espana
"1903 Centenary Grenache",Espana
"La Faraona Bierzo (Corullon)",Espana
"Galiano Seleccion Especial",Espana
"Son Negre",Espana
"5o Ano Ribera del Duero Tinto",Espana
"L'Ermita Velles Vinyes Priorat",Espana
"Etern Vinyes Molt Velles",Espana
"40 Aniversario Gran Reserva",Espana
"Corpinnat Enoteca Reserva Particular de Recaredo",Espana
"Don PX Pedro Ximenez",Espana
Tinto,Espana
"Ribera del Duero",Espana
"Ribera del Duero",Espana
Toro,Espana
Tinto,Espana
"Ribera del Duero",Espana
Toro,Espana
Tinto,Espana
"PS (Pagos Seleccionados) Ribera del Duero",Espana
"Castillo Ygay Gran Reserva Especial Tinto",Espana
"Gran Reserva 890",Espana
"Castillo Ygay Gran Reserva Especial Tinto",Espana
Toro,Espana
"Flor de Pingus",Espana
"PS (Pagos Seleccionados) Ribera del Duero",Espana
Clio,Espana
"Flor de Pingus",Espana
"Flor de Pingus",Espana
"Flor de Pingus",Espana
Clio,Espana
Clio,Espana
"PS (Pagos Seleccionados) Ribera del Duero",Espana
Tinto,Espana
Macan,Espana
Tinto,Espana
Clio,Espana
Garnacha,Espana
"Parcela El Nogal Tinto",Espana
"Valbuena 5o",Espana
Macan,Espana
"Ribera del Duero",Espana
"Belondrade y Lurton",Espana
"Parcela El Nogal Tinto",Espana
Reserva,Espana
"Flor de Pingus",Espana
"Rioja Reserva",Espana
"Prado Enea Gran Reserva",Espana
"Rioja Reserva",Espana
"Gran Reserva 890",Espana
"Belondrade y Lurton",Espana
Priorat,Espana
"Torre Muga",Espana
Macan,Espana
Termanthia,Espana
"Malleolus de Valderramiro",Espana
Priorat,Espana
"Dalmau Rioja",Espana
Reserva,Espana
"Parcela El Nogal Tinto",Espana
"Gran Reserva 890",Espana
Clio,Espana
Aro,Espana
"Gran Reserva",Espana
"San Vicente Rioja",Espana
"Ribera del Duero TSM",Espana
"Pago de Santa Cruz",Espana
"Ribera Del Duero Reserva Premium 6 Anos",Espana
Trasnocho,Espana
"Clos de L'Obac",Espana
"Valbuena 5o",Espana
"Reserva Ribera del Duero",Espana
"Gran Reserva 890",Espana
"Ribera Del Duero",Espana
"Pago de Santa Cruz",Espana
"Ribera Del Duero Reserva Premium 6 Anos",Espana
Bruto,Espana
"Culmen Reserva Rioja",Espana
"Cirsion Rioja",Espana
Priorat,Espana
Bruto,Espana
VS,Espana
Termanthia,Espana
Trasnocho,Espana
Reserva,Espana
"Vina Tondonia Gran Reserva",Espana
"Petit Verdot",Espana
"5o Ano Ribera del Duero Tinto",Espana
"El Titan del Bendito",Espana
"Petit Verdot",Espana
Amancio,Espana
"Clos Martinet",Espana
Trasnocho,Espana
Tinto,Espana
"Ribera del Duero",Espana
Aro,Espana
"Valbuena 5o",Espana
Tinto,Espana
"Pago de Santa Cruz",Espana
Tinto,Espana
"Millenium Gran Reserva",Espana
"Regina Vides Ribera del Duero",Espana
"Finca Dofi",Espana
"Gran Reserva Ribera del Duero",Espana
"Vina del Olivo",Espana
"Flor de Pingus",Espana
"Seleccio Especial Vinyes Velles",Espana
Priorat,Espana
"Calvario Rioja",Espana
"Ribera del Duero Una Cepa I",Espana
"Ribera del Duero Prestigio",Espana
"Regina Vides Ribera del Duero",Espana
"Grans Muralles",Espana
"Pesus Ribera del Duero",Espana
"Gran Vino Albarino",Espana
"Reserva Especial Ribera del Duero",Espana
"Pago Garduna",Espana
"Belondrade y Lurton",Espana
Toro,Espana
"La Cueva del Contador Rioja",Espana
"Finca el Bosque",Espana
"Que Bonito Cacareaba Blanco",Espana
"5o Ano Ribera del Duero Tinto",Espana
"Baron de Chirel Rioja Reserva",Espana
Capitel,Espana
"Turo d'en Mota",Espana
Amancio,Espana
"Regina Vides Ribera del Duero",Espana
"Emeritvs (Emeritus)",Espana
"Regina Vides Ribera del Duero",Espana
"Turo d'en Mota",Espana
"Cami Pesseroles",Espana
Reserva,Espana
Amancio,Espana
"Finca Los Hoyales Ribera del Duero",Espana
"Vina El Pison",Espana
"Pesus Ribera del Duero",Espana
"Pago Garduna",Espana
"La Basseta",Espana
"Territorio Luthier Reserva",Espana
"Ribera del Duero",Espana
"Valbuena 5o",Espana
"Son Negre",Espana
"Clos de L'Obac",Espana
"Vinas Viejas de Soria Ribera Del Duero",Espana
"Pago de Santa Cruz Gran Reserva Ribera del Duero",Espana
"Cami Pesseroles",Espana
"Parcela El Picon Tinto",Espana
Tinto,Espana
"Seleccion Rioja",Espana
"Millenium Reserva",Espana
Acediano,Espana
Gaudium,Espana
"Vinas Viejas de Soria Ribera Del Duero",Espana
"Finca el Bosque",Espana
"Pico de Luyas",Espana
"Grandes Anadas Rioja",Espana
Bruto,Espana
Aro,Espana
"Mas Via Gran Reserva Brut",Espana
"Les Aubaguetes Priorat",Espana
"La Mula de la Quietud",Espana
"Navarra Coleccion 125 Blanco",Espana
"Dalmau Rioja",Espana
"Chardonnay Uno",Espana
"Don PX Vieja Cosecha",Espana
"Ribas de Cabrera",Espana
Cenit,Espana
"El Carretil",Espana
"Quinon de Valmira",Espana
Acediano,Espana
"Mas del Serral",Espana
Estrats,Espana
"Son Negre",Espana
"Finca el Bosque",Espana
"Grans Muralles",Espana
"Malleolus de Valderramiro",Espana
"Contador Rioja",Espana
Tinto,Espana
"Vina Tondonia Gran Reserva Blanco",Espana
"Cami Pesseroles",Espana
Priorat,Espana
8000,Espana
"Pesus Ribera del Duero",Espana
"La Basseta",Espana
"La Poza de Ballesteros",Espana
"Mironia Black Edition Tempranillo",Espana
"La Creu Alta",Espana
Miserere,Espana
"Prado Enea Gran Reserva",Espana
"Alma Tobia Rioja",Espana
Tm,Espana
Doix,Espana
Tinto,Espana
"La Loma",Espana
"Nebro Ribera del Duero",Espana
Priorat,Espana
"El Carretil",Espana
"El Canto del Angel",Espana
"Grandes Anadas Rioja",Espana
"Rioja Blanco Reserva",Espana
"Gran Reserva",Espana
"Calvario Rioja",Espana
"Gran Reserva Penas Aladas",Espana
"Cami Pesseroles",Espana
Unico,Espana
"Gratallops Partida Bellvisos",Espana
"Coleccion Privada",Espana
"Finca El Canto",Espana
"Finca Cascorrales",Espana
"Rioja Gran Reserva 904",Espana
AAA,Espana
Tinto,Espana
"Rioja Gran Reserva",Espana
"Gran Reserva",Espana
"Marques de Poley Amontillado Seleccion 1951",Espana
"Ribera Del Duero Reserva Premium 6 Anos",Espana
"Reserva Especial",Espana
"Platon Tinto",Espana
"Altos de Las Gateras Monastrell",Espana
"Canta la Perdiz",Espana
"Marques de la Concordia VSG Premium (formerly Hacienda de Susar Rioja)",Espana
"Cava Kripta Gran Reserva Brut Nature",Espana
"Alba de Miros Rueda Verdejo",Espana
"Ribera del Duero TSM",Espana
"Pendon De La Aguilera",Espana
"V2 Tinto",Espana
"L'Ermita Velles Vinyes Priorat",Espana
"Cami Pesseroles",Espana
"Planots Priorat",Espana
Celia,Espana
"Ribera del Duero Prestigio Pago de las Solanas",Espana
Priorat,Espana
Calmo,Espana
"Gran Reserva",Espana
"Dalmau Rioja",Espana
"Son Negre",Espana
"Confesor Rioja",Espana
"Cartago Paraje de Pozo",Espana
"La Bienquerida",Espana
"Seleccion Especial",Espana
"Taberner No. 1",Espana
Palomero,Espana
"Grano a Grano",Espana
"Nebro Ribera del Duero",Espana
"Valbuena 5o",Espana
"Petit Verdot",Espana
"La Faraona Bierzo (Corullon)",Espana
"Cuvee Julia Ribera del Duero",Espana
"Don PX Seleccion",Espana
Garnacha,Espana
"Vina Tondonia Gran Reserva",Espana
"Cami Pesseroles",Espana
"Las Lamas Bierzo (Corullon)",Espana
"Finca Garbet",Espana
"200 Monges Rioja Reserva Seleccion Especial",Espana
"Galia Clos Santuy",Espana
"Tomas Esteban",Espana
"Finca Las Comas Verdejo",Espana
"Valbuena 5o",Espana
"Petit Verdot",Espana
"St Antoni de Scala Dei Priorat",Espana
"Anada Palo Cortado 1987",Espana
Valdegines,Espana
Priorat,Espana
"Seda de Oro Reserva",Espana
"Grano a Grano Graciano - Garnacha",Espana
Reserva,Espana
"Carraquintana de Amaren",Espana
"Garnacha Parcela 81 Vinas Viejas",Espana
Saktih,Espana
"Cava Enoteca Finca de L'Origen Brut Nature",Espana
"Salinas 1237",Espana
"Cabernet Sauvignon",Espana
"Finca La Colina Sauvignon Blanc",Espana
"Vina Ardanza Reserva",Espana
"Roda I Reserva Rioja",Espana
"Roda I Reserva Rioja",Espana
"3er Ano Ribera del Duero Tinto",Espana
"Ribera del Duero",Espana
"Macan Clasico",Espana
"Roda I Reserva Rioja",Espana
"Alaya Tierra (Old Vines Vieilles Vignes)",Espana
"Castillo Ygay Gran Reserva Especial Tinto",Espana
"Roda I Reserva Rioja",Espana
"3er Ano Ribera del Duero Tinto",Espana
Cosecha,Espana
Red,Espana
Tinto,Espana
Macan,Espana
"Ribera del Duero",Espana
"Torre Muga",Espana
"Roda I Reserva Rioja",Espana
"El Viejo",Espana
"Ribera del Duero Una Cepa I",Espana
Tinto,Espana
"Hacienda Pradolagar",Espana
"Cava Kripta Gran Reserva Brut Nature",Espana
Cosecha,Espana
"Rioja Reserva",Espana
Garnacha,Espana
"Rioja Reserva",Espana
"Ribera del Duero",Espana
"Alaya Tierra (Old Vines Vieilles Vignes)",Espana
"Ribera del Duero",Espana
Priorat,Espana
"200 Monges Rioja Reserva",Espana
"Reserva Ribera del Duero",Espana
Malleolus,Espana
VS,Espana
Reserva,Espana
"Flor de Pingus",Espana
"Roda I Reserva Rioja",Espana
"Reserva Tinto",Espana
Tinto,Espana
VS,Espana
"Jumilla Blue Label",Espana
Reserva,Espana
"San Vicente Rioja",Espana
Garnacha,Espana
Triga,Espana
Gaudium,Espana
Victorino,Espana
Priorat,Espana
Priorat,Espana
"Culmen Reserva Rioja",Espana
"Alaya Tierra (Old Vines Vieilles Vignes)",Espana
"Roda I Reserva Rioja",Espana
Reserva,Espana
"Reserva Privada Rioja",Espana
"Pago Negralada",Espana
Priorat,Espana
"Baron de Chirel Rioja Reserva",Espana
"Ribera del Duero",Espana
"Baron de Chirel Rioja Reserva",Espana
"Rejon Tempranillo",Espana
"Finca Dofi",Espana
Priorat,Espana
Interpretacion,Espana
"Torre Muga",Espana
"San Vicente Rioja",Espana
Vendimia,Espana
"Priorat Vinyes Velles",Espana
Gaudium,Espana
"Macan Clasico",Espana
"Rioja Reserva",Espana
"Dalmau Rioja",Espana
"Tempranillo Reserva",Espana
"Whisba Tempranillo Aged 18 Months in Whisky Barrels",Espana
"A Mano Rioja",Espana
"Finca Los Hoyales Ribera del Duero",Espana
"200 Monges Rioja Gran Reserva",Espana
"La Cueva del Contador Rioja",Espana
"La Hormiga de Antidoto",Espana
"Edicion Limitada",Espana
Tinto,Espana
"Lealtanza Coleccion de Artistas Espanoles Sorolla",Espana
"Granja Gran Reserva Rioja",Espana
Priorat,Espana
"Don PX Pedro Ximenez",Espana
"Perez Pascuas Gran Reserva Seleccion",Espana
"Cava Kripta Gran Reserva Brut Nature",Espana
Miserere,Espana
"Clos Martinet",Espana
"V2 Tinto",Espana
"Grans Muralles",Espana
"Cerrado del Castillo Rioja",Espana
"A Mano Rioja",Espana
"Rioja Gran Reserva",Espana
"El Puntido Gran Reserva",Espana
"Pagos Viejos",Espana
"Ribera del Duero",Espana
Trasnocho,Espana
"La Cueva del Contador Rioja",Espana
"Clos Martinet",Espana
"Cava Kripta Gran Reserva Brut Nature",Espana
Triga,Espana
"Cuvee Old Vines Unfiltered",Espana
"Gran Reserva",Espana
Fondillon,Espana
Cirerets,Espana
"Dominio del Pidio",Espana
"Vina del Olivo",Espana
"La Cueva del Contador Rioja",Espana
"Clos Martinet",Espana
"Vinas Viejas Verdejo",Espana
"Valbuena 5o",Espana
Reserva,Espana
"Tadeo Tinto",Espana
"Tierras de Cair Reserva",Espana
Tinto,Espana
"Navarra Coleccion 125 Blanco",Espana
"Cava Celler Batlle",Espana
"Rioja Blanco",Espana
"Casa Cisca Monastrell",Espana
"Calvario Rioja",Espana
"Granja Gran Reserva Rioja",Espana
"Pago Negralada",Espana
Doix,Espana
"Seleccio Especial Vinyes Velles",Espana
Idus,Espana
"Clos Martinet",Espana
"Clos Abella Seleccion Especial",Espana
"Pie Franco",Espana
Amancio,Espana
"Malleolus de Sanchomartin",Espana
Tinto,Espana
"Culmen Reserva Rioja",Espana
"Singular V Malcorta Verdejo",Espana
"Serral del Vell Brut Nature",Espana
Tinto,Espana
"Pago Negralada",Espana
Trasnocho,Espana
Doix,Espana
"Seleccion Finca el Grajo Viejo",Espana
"Finca el Bosque",Espana
"La Poza de Ballesteros",Espana
"Millenium Reserva",Espana
Gaudium,Espana
"Vina del Olivo",Espana
"Finca el Bosque",Espana
Malpuesto,Espana
Valdegines,Espana
Chafandin,Espana
"Vina El Pison",Espana
"Pago Negralada",Espana
"La Vina de Andres Romeo Rioja",Espana
"Pesus Ribera del Duero",Espana
Reserva,Espana
"Regina Vides Ribera del Duero",Espana
"Delicado Cosecha Pedro Ximenez",Espana
"Quincha Corral",Espana
"Els Escurcons",Espana
"Rioja Reserva",Espana
Idus,Espana
"Vinos Singulares Tempranillo Blanco Reserva",Espana
"Christina Ribera del Duero",Espana
Desti,Espana
"Gran Reserva Classica Tinto",Espana
"Aquilon Garnacha",Espana
"Rioja Blanco",Espana
"Seleccion de Anada Albarino Rias Baixas",Espana
"Albarino de Fefinanes III Ano",Espana
"Reserva Ribera del Duero",Espana
Perpetual,Espana
"Cava Celler Batlle",Espana
"Seleccio Especial Vinyes Velles",Espana
"El Cel",Espana
"Montes Obarenes Seleccion Terroir",Espana
"Porrera Vi de Vila",Espana
"Gran Ribera del Duero",Espana
"Heretge Priorat",Espana
"Vinas Viejas",Espana
"La Poza de Ballesteros",Espana
"El Carretil",Espana
"Pago de Santa Cruz Gran Reserva Ribera del Duero",Espana
17,Espana
"Pesus Ribera del Duero",Espana
Doix,Espana
"Les Tosses",Espana
"Cami Pesseroles",Espana
"La Poza de Ballesteros",Espana
"Clos del Portal Tros de Clos",Espana
"Pago de Santa Cruz",Espana
"La Basseta",Espana
Classic,Espana
"Nit de Nin Mas d'en Cacador",Espana
Minami,Espana
"Rioja Gran Reserva 904",Espana
"Vi de Vila Gratallops",Espana
Acediano,Espana
"Cava Celler Batlle",Espana
Classic,Espana
"Veguin de Murua Gran Reserva",Espana
Doix,Espana
Teixar,Espana
Tinto,Espana
"Anada Pedro Ximenez",Espana
"Vina El Pison",Espana
"Clos del Portal Somni",Espana
"Les Manyes",Espana
"Emporda Aires de Garbet",Espana
"Montes de Toledo Syrah",Espana
"Torremilanos Coleccion Ribera del Duero",Espana
"Regina Vides Ribera del Duero",Espana
"Maceracion Con Pieles",Espana
"Don PX Pedro Ximenez",Espana
"Baron de Chirel Rioja Reserva",Espana
"Pie Franco",Espana
"La Cueva del Contador Rioja",Espana
"Clos Monlleo",Espana
"Calvario Rioja",Espana
"Blecua Somontano",Espana
"El Cel",Espana
"Rioja Reserva 10 Anos Despues Edicion Limitada",Espana
"El Carretil",Espana
"Perinet + Plus",Espana
Tinto,Espana
Priorat,Espana
"Vina El Pison",Espana
Reserva,Espana
"Finca Dofi",Espana
"Castillo Ygay Gran Reserva Especial Tinto",Espana
"Cami Pesseroles",Espana
"Ribera del Duero Torralvo",Espana
"El Cabernet F - Familiar",Espana
Premium,Espana
"Hipperia Red Blend",Espana
"Maria Ribera del Duero",Espana
"Vendimia Seleccionada",Espana
"Vina El Pison",Espana
"Clos Figueres",Espana
"Castillo de Monte la Reina Cuvee Privee",Espana
"Maria Ribera del Duero",Espana
"Queiron Reserva Vinedos Familiares",Espana
"Cami Pesseroles",Espana
"Don PX Gran Reserva",Espana
"Seleccio Especial Vinyes Velles",Espana
"Llanos del Almendro Ribera del Duero",Espana
"Prado Enea Gran Reserva",Espana
"Prado Enea Gran Reserva",Espana
Victorino,Espana
"Roda I Reserva Rioja",Espana
"Toro 2V Premium",Espana
"Rejon Tempranillo",Espana
"Les Eres Vinyes Velles",Espana
"Gran Reserva Classica Blanco",Espana
"The Artist",Espana
"La Comtesse de Pazo Barrantes Albarino",Espana
"Gratallops Partida Bellvisos",Espana
"Seleccion Especial",Espana
"5V Blanco",Espana
"Finca Butaros Vinya Centenaria",Espana
"Grans Muralles",Espana
"La Bienquerida",Espana
"El Carretil",Espana
"Seleccion Privada",Espana
"Seleccion Finca el Grajo Viejo",Espana
"Aponte Winemaker's Private Collection Tempranillo",Espana
"Cami de Cormes",Espana
"Kalamity Rioja",Espana
1194,Espana
"Malabrigo Ribera del Duero",Espana
"Reserva Trajanvs",Espana
"Finca Dofi",Espana
"Granja Gran Reserva Rioja",Espana
"Emporda Gran Claustro",Espana
"Son Negre",Espana
"200 Monges Rioja Reserva",Espana
"Lalomba Finca Valhonta",Espana
Manyetes,Espana
"Gran Reserva",Espana
"Serral del Vell Brut Nature",Espana
"Pago Valdebellon",Espana
"Cava Celler Batlle",Espana
"Pesus Ribera del Duero",Espana
"Les Tosses",Espana
"Guarda de Leda Seleccion Tempranillo",Espana
"Vinyes Altes Porrera",Espana
"5 Partides Gratallops Vi de La Vila",Espana
"Cava Ex-Vite Gran Reserva Brut",Espana
"Valbuena 5o",Espana
"Summa Edicion Limitada",Espana
Cirerets,Espana
"Pago El Espino",Espana
"Gran Reserva",Espana
"Perez Pascuas Gran Reserva Seleccion",Espana
"Gloria Rioja",Espana
"Petra de Valpiedra Garnacha",Espana
"Alto de la Caseta",Espana
"Serral del Vell Brut Nature",Espana
"Rejon Tempranillo",Espana
"Mas de la Rosa",Espana
"Rioja B70",Espana
"Gran Reserva",Espana
Tinto,Espana
"Don Miguel",Espana
"Singular Negre",Espana
"Vinyes Altes Porrera",Espana
"Rioja Reserva Especial",Espana
"Rioja Cisma",Espana
"Seleccion Rioja",Espana
"Martires Rioja",Espana
"Cava Original Brut (Espumos)",Espana
"Marti Reserva Penedes",Espana
"Vina Ardanza Reserva Seleccion Especial",Espana
"Pozo Alto",Espana
"El Cristo de Samaniego",Espana
"El Belisario",Espana
"Baron de Ona Rioja Reserva",Espana
Priorat,Espana
"Don PX Seleccion",Espana
"Gran Reserva",Espana
"Cepas Vellas Rias Baixas Albarino",Espana
"La Aguilera",Espana
Pirata,Espana
"Blecua Somontano",Espana
Hispania,Espana
Arousa,Espana
"Las Cenizas Tempranillo",Espana
"Solanes Priorat",Espana
"Grandes Anadas Rioja",Espana
"Cami Pesseroles",Espana
"Cava Cuvee De Prestige Trepat",Espana
"Felix Azpilicueta Coleccion Privada",Espana
"Savinat Sauvignon Blanc",Espana
"Capricho Crianza",Espana
"Finca La Emperatriz Vinedo Singular Tinto",Espana
Galena,Espana
"Rioja Reserva",Espana
"Finca Helena",Espana
Primordium,Espana
"Marti Reserva Penedes",Espana
"La Cuartilleja Reserva",Espana
"Malleolus de Sanchomartin",Espana
Noble,Espana
"De Garage Rioja",Espana
"Gran Calzadilla",Espana
"4 Varietales Coleccion Rioja",Espana
Aurus,Espana
"Don PX Pedro Ximenez",Espana
"Numerus Clausus",Espana
"Rioja Cisma",Espana
"200 Monges Rioja Seleccion Especial Reserva Blanco",Espana
"Don PX Gran Reserva",Espana
"Emporda Aires de Garbet",Espana
"Rioja Gran Reserva",Espana
"Campus Gothorum",Espana
"Gran Reserva",Espana
"La Pizca",Espana
"Moradillo de Roa",Espana
Cofradia,Espana
"Rioja Cisma",Espana
"Vinyes Altes Porrera",Espana
Planella,Espana
"Gallaecia Rias Baixes Albarino",Espana
"Gran Reserva",Espana
Monada,Espana
Tinto,Espana
"Heretge Priorat",Espana
Usted,Espana
"Martires Rioja",Espana
Verdejo,Espana
"Vina Garugele",Espana
"Petit Verdot",Espana
Barrica,Espana
Voltons,Espana
"Valcavado de Traslascuestas",Espana
"Oscar Tobia Gran Reserva Rioja",Espana
"La Baixada",Espana
"La Cueva del Contador Rioja",Espana
Seleccion,Espana
"Cava El Tros Nou Pinot Noir",Espana
Manyetes,Espana
Tinto,Espana
"Los Dominios de Berceo Prefiloxerico",Espana
"Don PX Convento Seleccion",Espana
"Sao Expressiu",Espana
"Onomastica Rioja Reserva",Espana
"Vina Arana Gran Reserva",Espana
"Carinena Parcela 15 Vinas Viejas",Espana
Vobiscum,Espana
"La Navilla",Espana
"Merlot - Syrah",Espana
Termanthia,Espana
"Baron de Chirel Rioja Reserva",Espana
"Pago de Las Costanas",Espana
"Rioja Blanco",Espana
"Vendimia Seleccionada",Espana
"Cava Gran Reserva Familiar Millenium Brut",Espana
"Zona Zepa Monastrell",Espana
"Petit Verdot",Espana
"Alma Tobia Blanco",Espana
Reserva,Espana
"Garnacha Vinas Centenarias",Espana
"El Jardin de las Iguales Vinedo Historico Garnacha",Espana
"Silvanus Edicion Limitada Ribera del Duero",Espana
"Vina Ardanza Reserva",Espana
"Vina Ardanza Reserva",Espana
