Espana,Toro,1
Espana,Vino de Espana,2
Espana,Ribera del Duero,3
Espana,Montilla-Moriles,4
Espana,Jumilla,5
Espana,Jerez-Xeres-Sherry,6
Espana,Priorato,7
Espana,Rioja,8
Espana,Bierzo,9
Espana,Castilla y Leon,10
Espana,Campo de Borja,11
Espana,Cadiz,12
Espana,Cava,13
Espana,Jerez Palo Cortado,14
Espana,Manzanilla,15
Espana,Valdeorras,16
Espana,Emporda,17
Espana,Rioja Alta,18
Espana,Alicante,19
Espana,Somontano,20
Espana,Dominio de Valdepusa,21
Espana,Ribeiro,22
Espana,Mallorca,23
Espana,Yecla,24
Espana,Cigales,25
Espana,Utiel-Requena,26
Espana,Navarra,27
Espana,Rioja Alavesa,28
Espana,Costers del Segre,29
Espana,Sardon de Duero,30
Espana,Malaga,31
Espana,Cataluna,32
Espana,Rueda,33
Espana,Jerez Pedro Ximenes (PX),34
Espana,Montsant,35
Espana,Conca de Barbera,36
Espana,Rias Baixas,37
Espana,Jerez Amontillado,38
Espana,Tierra del Vino de Zamora,39
Espana,Penedes,40
Espana,Dehesa del Carrizal,41
Espana,Madrid,42
Espana,Carinena,43
Espana,Condado de Huelva,44
Espana,Almansa,45
Espana,Jerez Cream,46
Espana,Valencia,47
Espana,Sierras de Malaga,48
Espana,Ribeira Sacra,49
Espana,El Terrerazo,50
Espana,Jerez Oloroso,51
Espana,Castilla,52
Espana,Alella,53
Espana,Pla i Llevant,54
Espana,Pla de Bages,55
Espana,Pago Calzadilla,56
Espana,Andalucia,57
Espana,Monterrei,58
Espana,Ribera del Gallego-Cinco Villas,59
Espana,Aragon,60
Espana,Galicia,61
Espana,La Palma,62
Espana,Binissalem-Mallorca,63
Espana,Calatayud,64
Espana,Arinzano,65
Espana,Tarragona,66
Espana,Extremadura,67
Espana,Murcia,68
Espana,La Mancha,69
Espana,Otazu,70
Espana,Valdejalon,71
Espana,Mentrida,72
Espana,Terra Alta,73
Espana,Arribes,74
Espana,Gran Canaria,75
Espana,Abona,76
