designation,id_designation
Tinto 2013,1
Vina El Pison 2018,2
Unico 2009,3
Unico 1999,4
Unico 1996,5
Unico 1998,6
Unico 2010,7
Unico 1995,8
Unico Reserva Especial Edicion 2015,9
Unico 2011,10
Unico Reserva Especial Edicion 2016,11
El Anejon 2016,12
Unico Reserva Especial Edicion 2018,13
Unico 1970,14
Don PX Convento Seleccion 1946,15
Cuesta de Las Liebres 2015,16
Unico 1962,17
Unico Reserva Especial Edicion 2019,18
El Nido 2018,19
Unico Reserva Especial Edicion 2004,20
Toneles Moscatel N.V.,21
Unico Reserva Especial Edicion 2013,22
Pingus 2016,23
Don PX Convento Seleccion 1931,24
Unico Reserva Especial Edicion 2010,25
Unico 1979,26
Don PX Pedro Ximenez 1946,27
L'Ermita Velles Vinyes Priorat 2004,28
Unico Reserva Especial Edicion 2005,29
Unico Reserva Especial Edicion 2020,30
Vatan Arena Tinta de Toro 2014,31
Unico Reserva Especial Edicion 1985,32
Don PX Convento Seleccion 1929,33
Ribera Del Duero Gran Reserva 12 Anos 1999,34
Pesus Ribera del Duero 2007,35
Tinto 2012,36
Pingus 2017,37
Tinto 2009,38
L'Ermita Velles Vinyes Priorat 2008,39
Magico 2016,40
Tinto 2011,41
L'Ermita Velles Vinyes Priorat 2017,42
Tinto 2015,43
La Faraona Bierzo (Corullon) 2017,44
Gran Reserva 890 1985,45
L'Ermita Velles Vinyes Priorat 2018,46
Valbuena 5o 2010,47
Valbuena 5o 2014,48
Valbuena 5o 2006,49
Unico 2005,50
Unico 2004,51
Unico 2000,52
Unico 2007,53
Valbuena 5o 2015,54
Unico 2006,55
Unico 2008,56
Unico 2003,57
Valbuena 5o 2016,58
Valbuena 5o 2005,59
Unico 2002,60
Unico 1991,61
Unico 1994,62
Unico Reserva Especial Edicion 2000,63
Unico 1990,64
Cuesta de Las Liebres 2014,65
Unico 1989,66
Unico 1987,67
Unico Reserva Especial Edicion 2017,68
El Anejon 2015,69
El Nido 2014,70
El Nido 2013,71
Unico Reserva Especial Edicion 1996,72
Castillo Ygay Gran Reserva Especial Blanco 1986,73
El Nido 2016,74
El Nido 2008,75
La Nieta 2015,76
Unico 1981,77
Unico Reserva Especial Edicion 2007,78
Malleolus de Valderramiro 2016,79
Pingus 2001,80
Unico 1986,81
Malleolus de Sanchomartin 2016,82
Pingus 2004,83
Pingus 2006,84
El Nido 2017,85
Alabaster 2016,86
La Mula de la Quietud 2015,87
Unico 1985,88
Terreus Paraje de Cueva Baja 2017,89
Contador Rioja 2012,90
Maria Remirez de Ganuza 2006,91
Unico 1968,92
La Nieta 2018,93
Unico 1964,94
Unico 1982,95
Pingus 2015,96
Unico Reserva Especial Edicion 1995,97
Pingus 1999,98
Unico 1974,99
L'Ermita Velles Vinyes Priorat 1998,100
Cartago Paraje de Pozo 2015,101
Unico Reserva Especial Edicion 2012,102
Parcela El Picon Tinto 2009,103
Valbuena 5o 2017,104
L'Ermita Velles Vinyes Priorat 2000,105
Termanthia 2005,106
Unico Reserva Especial Edicion 2011,107
Clon De La Familia 2010,108
Aquilon Garnacha 2011,109
Unico 1983,110
Don PX Convento Seleccion 1955,111
Unico 1980,112
Contador Rioja 2005,113
Unico 1972,114
Termanthia 2004,115
Tinto 2010,116
Quinon de Valmira 2015,117
Unico Reserva Especial Edicion 1987,118
1902 Centenary Carignan Priorat 2015,119
Unico 1953,120
Cirsion Rioja 2000,121
L'Ermita Velles Vinyes Priorat 2015,122
El Nido 2019,123
1902 Centenary Carignan Priorat 2013,124
Unico Reserva Especial Edicion 2006,125
L'Ermita Velles Vinyes Priorat 2005,126
Cami Pesseroles 2006,127
Turo d'en Mota 2007,128
Unico Reserva Especial Edicion 1986,129
Priorat 2007,130
Parcela El Picon Tinto 2016,131
Reliquia Palo Cortado Sherry N.V.,132
Gran Reserva 890 1982,133
Anada Palo Cortado 1987 1987,134
Daphne Glorian Red 2007,135
Don PX Pedro Ximenez 1955,136
La Nieta 2019,137
El Regollar 2016,138
Don PX Convento Seleccion 1958,139
Alabaster 2018,140
Abuelo Diego Palo Cortado N.V.,141
La Bota 78 de Oloroso N.V.,142
Touran 2018,143
Luthier Gran Reserva 2012,144
Vina El Pison 1995,145
Reserva Particular de Recaredo Brut Nature 2011,146
Terreus Paraje de Cueva Baja 2019,147
Pesus Ribera del Duero 2004,148
Usted 2010,149
Gran Reserva 2001,150
Regina Vides Ribera del Duero 1998,151
La Loma 2018,152
L'Ermita Velles Vinyes Priorat 2016,153
Castillo Ygay Gran Reserva Especial Tinto 1942,154
Valbuena 5o 2011,155
Valbuena 5o 2012,156
Valbuena 5o 2008,157
Valbuena 5o 2007,158
Valbuena 5o 2013,159
Valbuena 5o 2009,160
Ribera del Duero 2016,161
PS (Pagos Seleccionados) Ribera del Duero 2017,162
PS (Pagos Seleccionados) Ribera del Duero 2018,163
Castillo Ygay Gran Reserva Especial Tinto 2010,164
Ribera del Duero 2017,165
Valbuena 5o 2004,166
Flor de Pingus 2018,167
PS (Pagos Seleccionados) Ribera del Duero 2019,168
Valbuena 5o 2000,169
Valbuena 5o 2002,170
Termanthia 2012,171
Termanthia 2011,172
Pago De Valtarrena 2015,173
Malleolus de Sanchomartin 2011,174
Valbuena 5o 1999,175
Malleolus de Valderramiro 2015,176
Pingus 2010,177
Cuesta de Las Liebres 2010,178
Pingus 2012,179
El Titan del Bendito 2015,180
Malleolus de Sanchomartin 2015,181
Pingus 2013,182
Terreus Paraje de Cueva Baja 2015,183
Terreus Paraje de Cueva Baja 2016,184
Pingus 2005,185
La Nieta 2017,186
Vina El Pison 2006,187
Pingus 1998,188
Cirsion Rioja 2007,189
Cirsion Rioja 2012,190
Contador Rioja 2011,191
Dalmau Rioja 2017,192
Unico 1965,193
Finca el Bosque 2015,194
Pago de Santa Cruz 2018,195
Pingus 2003,196
Clos Fonta Priorat 2004,197
Pago De Valtarrena 2016,198
Parcela El Picon Tinto 2014,199
Malleolus de Sanchomartin 2014,200
Valbuena 5o 1992,201
Pingus 2014,202
Vina El Pison 2010,203
Parcela El Picon Tinto 2012,204
Vina El Pison 2011,205
L'Ermita Velles Vinyes Priorat 1999,206
Cuvee N Vinas Viejas 2015,207
Vina El Pison 2012,208
Unico 1973,209
Contador Rioja 2014,210
Cartago Paraje de Pozo 2014,211
L'Ermita Velles Vinyes Priorat 1996,212
Termanthia 2014,213
Valbuena 5o 1985,214
Ribera del Duero Prestigio Pago de las Solanas 2001,215
Valbuena 5o 1989,216
Contador Rioja 2015,217
Vina El Pison 2005,218
Nit de Nin Mas d'en Cacador 2011,219
VS 2018,220
Maria Remirez de Ganuza 2005,221
Blecua Somontano 2013,222
Unico Reserva Especial Edicion 1989,223
Alabaster 2017,224
Terreus Paraje de Cueva Baja 2018,225
L'Ermita Velles Vinyes Priorat 1997,226
Frank Gehry Selection 2001,227
Vina El Pison 2014,228
Unico 1967,229
Amaya Arzuaga (Coleccion) 2016,230
Pingus 2000,231
L'Ermita Velles Vinyes Priorat 1995,232
Vina El Pison 2015,233
La Creu Alta 2013,234
Unico 1975,235
Tinto 2019,236
5o Ano Ribera del Duero Tinto 2016,237
Vina El Pison 2009,238
Planots Priorat 2010,239
Unico Reserva Especial Edicion 2009,240
El Titan del Bendito 2018,241
Capitel 2018,242
Gran Arzuaga Ribera del Duero 2004,243
Aquilon Garnacha 2015,244
Pingus 1996,245
Horcajo 2015,246
Pago De Valtarrena 2018,247
Unico 2012,248
Aurus 2005,249
Parcela El Picon Tinto 2011,250
Trasnocho 2013,251
Cirsion Rioja 2017,252
Tinto 2008,253
Doroteo Edicion Especial 25 Aniversario 2015,254
Tierra Alta de 2 Racimos Gran Reserva 2011,255
Castillo Ygay Gran Reserva Especial Tinto 2011,256
Valbuena 5o 1980,257
Reserva Especial Ribera del Duero 2016,258
Reserva Especial 2015,259
Gran Buig Priorat 2004,260
Finca Garbet 2014,261
Solera India Oloroso Rare Sherry N.V.,262
Clon De La Familia 2011,263
Amancio 2007,264
Gines Liebana Pedro Ximenez 1910,265
Reserva Particular de Recaredo Brut Nature 2008,266
Priorat 2008,267
Valbuena 5o 1983,268
Don PX Seleccion 1965,269
L'Ermita Velles Vinyes Priorat 2001,270
Reserva 2017,271
Finca Las Naves 2016,272
AAA 2008,273
Vina del Olivo 2001,274
L'Ermita Velles Vinyes Priorat 2010,275
Dalmau Rioja 2001,276
Les Aubaguetes Priorat 2016,277
Cava Enoteca Finca La Plana Brut Nature 2001,278
Aquilon Garnacha 2016,279
Gran Reserva Penas Aladas 2014,280
Pena Lobera 2016,281
La Creu Alta 2014,282
Son Negre 2007,283
1902 Centenary Carignan Priorat 2017,284
Unico 1961,285
Casa Cisca Monastrell 2016,286
Moncerbal Bierzo (Corullon) 2016,287
Capricho 2014,288
Pingus 2018,289
Cerrado del Castillo Rioja 2016,290
Kalamity Rioja 2018,291
Conde de Aldama Amontillado N.V.,292
Valbuena 5o 1979,293
Respeto 2015,294
El Garnacho Viejo de la Familia Acha 2014,295
Ribera del Duero Prestigio 2016,296
1902 Centenary Carignan Priorat 2016,297
La Poza de Ballesteros 2009,298
Reserva Rioja (Finca Ygay) 1954,299
Reserva Especial 2016,300
Vina El Pison 2017,301
Idus 2020,302
Priorat 2003,303
Amancio 2017,304
Clon De La Familia 2015,305
Unico Reserva Especial Edicion 1982,306
Finca el Bosque 2002,307
Valdafoz Bierzo (Corullon) 2011,308
La Creu Alta 2017,309
Rioja Gran Reserva 1986,310
Valdegatiles Ribera del Duero 2012,311
Don PX Seleccion 1962,312
Respublica Verdejo 2016,313
Gran Reserva Penas Aladas 2015,314
Les Tosses 2016,315
Torremilanos Coleccion Ribera del Duero 2016,316
El Carretil 2017,317
Taberner No. 1 2013,318
Vina Motulleri 2011,319
Saktih 2013,320
Cuvee Palomar 2017,321
L'Ermita Velles Vinyes Priorat 2014,322
Valdegatiles Ribera del Duero 2013,323
Respeto 2017,324
Uno Tinto 2010,325
Macan 2017,326
1903 Centenary Grenache 2016,327
La Faraona Bierzo (Corullon) 2010,328
Galiano Seleccion Especial 2013,329
Son Negre 2004,330
5o Ano Ribera del Duero Tinto 2017,331
L'Ermita Velles Vinyes Priorat 2011,332
Etern Vinyes Molt Velles 2016,333
40 Aniversario Gran Reserva 2012,334
Solera BC-200 N.V.,335
Corpinnat Enoteca Reserva Particular de Recaredo 2004,336
Don PX Pedro Ximenez 1968,337
Tinto 2016,338
Ribera del Duero 2013,339
Ribera del Duero 2014,340
Toro 2014,341
Tinto 2018,342
Ribera del Duero 2015,343
Toro 2015,344
Tinto 2017,345
PS (Pagos Seleccionados) Ribera del Duero 2016,346
Castillo Ygay Gran Reserva Especial Tinto 2005,347
Gran Reserva 890 2005,348
Castillo Ygay Gran Reserva Especial Tinto 2009,349
Toro 2016,350
Flor de Pingus 2016,351
PS (Pagos Seleccionados) Ribera del Duero 2015,352
Clio 2015,353
Flor de Pingus 2014,354
Flor de Pingus 2010,355
Flor de Pingus 2015,356
Clio 2016,357
Clio 2017,358
PS (Pagos Seleccionados) Ribera del Duero 2011,359
Macan 2014,360
Clio 2018,361
Garnacha 2017,362
Parcela El Nogal Tinto 2015,363
Valbuena 5o 2003,364
Macan 2015,365
Ribera del Duero 2003,366
Belondrade y Lurton 2018,367
Parcela El Nogal Tinto 2014,368
Reserva 2014,369
Flor de Pingus 2017,370
Rioja Reserva 2012,371
Prado Enea Gran Reserva 2014,372
Rioja Reserva 2011,373
Gran Reserva 890 2004,374
Belondrade y Lurton 2019,375
Priorat 2015,376
Pedro Ximenez Tradicion 20 Years Old Vos N.V.,377
Torre Muga 2016,378
Macan 2016,379
Termanthia 2010,380
Malleolus de Valderramiro 2011,381
Priorat 2017,382
Dalmau Rioja 2014,383
Reserva 2015,384
Parcela El Nogal Tinto 2016,385
Gran Reserva 890 1995,386
Clio 2019,387
Aro 2015,388
Gran Reserva 2007,389
San Vicente Rioja 2017,390
Ribera del Duero TSM 2017,391
Pago de Santa Cruz 2016,392
Ribera Del Duero Reserva Premium 6 Anos 2011,393
Trasnocho 2012,394
Clos de L'Obac 2005,395
Valbuena 5o 1996,396
Reserva Ribera del Duero 2017,397
Gran Reserva 890 2010,398
Ribera Del Duero 2018,399
Pago de Santa Cruz 2015,400
Ribera Del Duero Reserva Premium 6 Anos 2012,401
Bruto 2018,402
Culmen Reserva Rioja 2015,403
Cirsion Rioja 2016,404
Priorat 2018,405
Bruto 2017,406
VS 2017,407
Termanthia 2013,408
Trasnocho 2011,409
Reserva 2016,410
Vina Tondonia Gran Reserva 1995,411
Petit Verdot 2015,412
5o Ano Ribera del Duero Tinto 2011,413
El Titan del Bendito 2017,414
Petit Verdot 2014,415
Amancio 2012,416
Clos Martinet 2014,417
Trasnocho 2006,418
Ribera del Duero 1995,419
Aro 2016,420
Valbuena 5o 1987,421
Pago de Santa Cruz 2017,422
Millenium Gran Reserva 2015,423
Regina Vides Ribera del Duero 2011,424
Finca Dofi 2006,425
Gran Reserva Ribera del Duero 2015,426
Vina del Olivo 2017,427
Flor de Pingus 2019,428
Seleccio Especial Vinyes Velles 2015,429
Calvario Rioja 2009,430
Ribera del Duero Una Cepa I 2017,431
Ribera del Duero Prestigio 2015,432
Regina Vides Ribera del Duero 2014,433
Grans Muralles 2015,434
Pesus Ribera del Duero 2014,435
Gran Vino Albarino 2019,436
Reserva Especial Ribera del Duero 2015,437
Cuatro Palmas Amontillado N.V.,438
Pago Garduna 2016,439
Belondrade y Lurton 2020,440
Toro 2017,441
La Cueva del Contador Rioja 2017,442
Finca el Bosque 2016,443
Solera 1830 Pedro Ximenez N.V.,444
Que Bonito Cacareaba Blanco 2018,445
5o Ano Ribera del Duero Tinto 2014,446
Baron de Chirel Rioja Reserva 2016,447
Capitel 2016,448
Turo d'en Mota 2005,449
Amancio 2015,450
Regina Vides Ribera del Duero 2015,451
Emeritvs (Emeritus) 2013,452
Regina Vides Ribera del Duero 2016,453
Turo d'en Mota 2006,454
Cami Pesseroles 2009,455
Reserva 2018,456
Amancio 2014,457
Finca Los Hoyales Ribera del Duero 2015,458
Vina El Pison 2013,459
Pesus Ribera del Duero 2015,460
Pago Garduna 2009,461
La Basseta 2013,462
Territorio Luthier Reserva 2016,463
Ribera del Duero 2018,464
Valbuena 5o 1988,465
Son Negre 2011,466
Clos de L'Obac 2010,467
Vinas Viejas de Soria Ribera Del Duero 2018,468
Pago de Santa Cruz Gran Reserva Ribera del Duero 2014,469
Cami Pesseroles 2010,470
Parcela El Picon Tinto 2015,471
Seleccion Rioja 2015,472
Millenium Reserva 1996,473
Acediano 2015,474
Gaudium 2016,475
Vinas Viejas de Soria Ribera Del Duero 2017,476
Finca el Bosque 2017,477
Pico de Luyas 2016,478
Grandes Anadas Rioja 2001,479
Bruto 2019,480
Aro 2004,481
Mas Via Gran Reserva Brut 2004,482
Les Aubaguetes Priorat 2015,483
La Mula de la Quietud 2016,484
Navarra Coleccion 125 Blanco 2018,485
Dalmau Rioja 2015,486
Chardonnay Uno 2011,487
Don PX Vieja Cosecha 1973,488
Ribas de Cabrera 2018,489
Cenit 2012,490
El Carretil 2012,491
Quinon de Valmira 2016,492
Acediano 2014,493
Mas del Serral 2007,494
Estrats 2009,495
Son Negre 2016,496
Fino Imperial Amontillado 30 Anos N.V.,497
Coliseo Amontillado VORS N.V.,498
Finca el Bosque 2018,499
Grans Muralles 2000,500
Malleolus de Valderramiro 2018,501
Contador Rioja 2016,502
Vina Tondonia Gran Reserva Blanco 1981,503
Cami Pesseroles 2014,504
Priorat 2019,505
8000 2017,506
Pesus Ribera del Duero 2009,507
La Basseta 2017,508
La Poza de Ballesteros 2010,509
Mironia Black Edition Tempranillo 2015,510
La Creu Alta 2015,511
Miserere 2010,512
Prado Enea Gran Reserva 2015,513
Alma Tobia Rioja 2015,514
Tm 2016,515
Doix 2017,516
La Loma 2017,517
Nebro Ribera del Duero 2011,518
Priorat 2012,519
El Carretil 2015,520
El Canto del Angel 2014,521
Grandes Anadas Rioja 1998,522
Rioja Blanco Reserva 2012,523
Gran Reserva 2011,524
Cayetano del Pino Viejisimo Palo Cortado N.V.,525
Calvario Rioja 2002,526
Gran Reserva Penas Aladas 2012,527
Cami Pesseroles 2012,528
Unico 1969,529
Gratallops Partida Bellvisos 2005,530
Coleccion Privada 2017,531
Finca El Canto 2015,532
Finca Cascorrales 2016,533
Rioja Gran Reserva 904 1987,534
AAA 2004,535
Tinto 2007,536
Rioja Gran Reserva 1994,537
Gran Reserva 1964,538
Marques de Poley Amontillado Seleccion 1951 1951,539
Ribera Del Duero Reserva Premium 6 Anos 2014,540
Reserva Especial 2006,541
Platon Tinto 2019,542
Altos de Las Gateras Monastrell 2013,543
Canta la Perdiz 2013,544
Marques de la Concordia VSG Premium (formerly Hacienda de Susar Rioja) 2016,545
Cava Kripta Gran Reserva Brut Nature 2013,546
Alba de Miros Rueda Verdejo 2019,547
Ribera del Duero TSM 2006,548
Pendon De La Aguilera 2010,549
V2 Tinto 2009,550
L'Ermita Velles Vinyes Priorat 2003,551
Cami Pesseroles 2016,552
Planots Priorat 2013,553
Celia 2011,554
Ribera del Duero Prestigio Pago de las Solanas 2010,555
Priorat 1998,556
Calmo 2014,557
Gran Reserva 1928,558
Dalmau Rioja 2000,559
Son Negre 2005,560
Confesor Rioja 2004,561
Cartago Paraje de Pozo 2016,562
La Bienquerida 2019,563
Seleccion Especial 2015,564
Saca Unica N.V.,565
Taberner No. 1 2011,566
Palomero 2010,567
Grano a Grano 2017,568
Nebro Ribera del Duero 2015,569
Valbuena 5o 1976,570
Petit Verdot 2018,571
La Faraona Bierzo (Corullon) 2015,572
Santa Ana Pedro Ximenez 1861 N.V.,573
Cuvee Julia Ribera del Duero 2011,574
Don PX Seleccion 1949,575
Garnacha 2019,576
Vina Tondonia Gran Reserva 2001,577
Cami Pesseroles 2013,578
Las Lamas Bierzo (Corullon) 2018,579
Finca Garbet 2015,580
200 Monges Rioja Reserva Seleccion Especial 2006,581
Galia Clos Santuy 2016,582
Tomas Esteban 2011,583
Finca Las Comas Verdejo 2018,584
Valbuena 5o 1975,585
Petit Verdot 2004,586
St Antoni de Scala Dei Priorat 2017,587
Anada Palo Cortado 1987 1991,588
Valdegines 2019,589
Seda de Oro Reserva 2016,590
Grano a Grano Graciano - Garnacha 2016,591
Reserva 1986,592
Carraquintana de Amaren 2017,593
Garnacha Parcela 81 Vinas Viejas 2017,594
Saktih 2016,595
Cava Enoteca Finca de L'Origen Brut Nature 2002,596
Salinas 1237 2014,597
Cabernet Sauvignon 2019,598
Finca La Colina Sauvignon Blanc 2021,599
Vina Ardanza Reserva 2015,600
Roda I Reserva Rioja 2009,601
Roda I Reserva Rioja 2010,602
3er Ano Ribera del Duero Tinto 2017,603
Ribera del Duero 2007,604
Macan Clasico 2016,605
Roda I Reserva Rioja 2011,606
Alaya Tierra (Old Vines Vieilles Vignes) 2017,607
Castillo Ygay Gran Reserva Especial Tinto 2004,608
Roda I Reserva Rioja 2012,609
3er Ano Ribera del Duero Tinto 2018,610
Cosecha 2018,611
Red 2019,612
Macan 2010,613
Ribera del Duero 2006,614
Torre Muga 2006,615
Roda I Reserva Rioja 2015,616
El Viejo 2018,617
Ribera del Duero Una Cepa I 2016,618
Hacienda Pradolagar 2015,619
Cava Kripta Gran Reserva Brut Nature 2008,620
Cosecha 2017,621
Rioja Reserva 2010,622
Garnacha 2016,623
Rioja Reserva 2009,624
Ribera del Duero 2005,625
Alaya Tierra (Old Vines Vieilles Vignes) 2018,626
Ribera del Duero 2004,627
Priorat 2014,628
200 Monges Rioja Reserva 2011,629
Reserva Ribera del Duero 2016,630
Malleolus 2019,631
VS 2014,632
Reserva 2011,633
Flor de Pingus 2008,634
Roda I Reserva Rioja 2016,635
Reserva Tinto 2017,636
VS 2015,637
Jumilla Blue Label 2019,638
Palo Cortado Tradicion Vors 30 Years Sherry N.V.,639
San Vicente Rioja 2011,640
Garnacha 2018,641
Triga 2016,642
Gaudium 2014,643
Amontillado Tradicion Vors 30 Years N.V.,644
Victorino 2016,645
Priorat 2011,646
Priorat 2010,647
Culmen Reserva Rioja 2011,648
Alaya Tierra (Old Vines Vieilles Vignes) 2019,649
Roda I Reserva Rioja 2005,650
Reserva Privada Rioja 2015,651
Pago Negralada 2014,652
Baron de Chirel Rioja Reserva 2015,653
Ribera del Duero 2001,654
Baron de Chirel Rioja Reserva 2005,655
Rejon Tempranillo 2015,656
Finca Dofi 2016,657
Interpretacion 2016,658
Torre Muga 2015,659
San Vicente Rioja 2016,660
Vendimia 2017,661
Priorat Vinyes Velles 2017,662
Gaudium 2015,663
Macan Clasico 2017,664
Rioja Reserva 2013,665
Dalmau Rioja 2016,666
Tempranillo Reserva 2010,667
Whisba Tempranillo Aged 18 Months in Whisky Barrels 2019,668
A Mano Rioja 2017,669
Finca Los Hoyales Ribera del Duero 2014,670
200 Monges Rioja Gran Reserva 2001,671
La Cueva del Contador Rioja 2011,672
La Hormiga de Antidoto 2019,673
Edicion Limitada 2015,674
Lealtanza Coleccion de Artistas Espanoles Sorolla 2010,675
Granja Gran Reserva Rioja 2011,676
Priorat 2016,677
Don PX Pedro Ximenez 1994,678
Perez Pascuas Gran Reserva Seleccion 2010,679
Cava Kripta Gran Reserva Brut Nature 2011,680
Miserere 2005,681
Clos Martinet 2015,682
V2 Tinto 2008,683
Grans Muralles 2014,684
Cerrado del Castillo Rioja 2015,685
A Mano Rioja 2018,686
Rioja Gran Reserva 2016,687
El Puntido Gran Reserva 2007,688
Pagos Viejos 2004,689
Ribera del Duero 1996,690
Trasnocho 2010,691
La Cueva del Contador Rioja 2016,692
Clos Martinet 2011,693
Cava Kripta Gran Reserva Brut Nature 2010,694
Triga 2017,695
Cuvee Old Vines Unfiltered 2017,696
Gran Reserva 2010,697
Fondillon 1996,698
1730 Pedro Ximenez N.V.,699
Cirerets 2018,700
Dominio del Pidio 2018,701
Vina del Olivo 2016,702
La Cueva del Contador Rioja 2012,703
Clos Martinet 2008,704
Vinas Viejas Verdejo 2019,705
Valbuena 5o 1994,706
Tadeo Tinto 2014,707
Tierras de Cair Reserva 2014,708
Tinto 2014,709
Navarra Coleccion 125 Blanco 2017,710
Cava Celler Batlle 2006,711
Rioja Blanco 2017,712
Casa Cisca Monastrell 2015,713
Calvario Rioja 2008,714
Granja Gran Reserva Rioja 2012,715
Pago Negralada 2013,716
Doix 2007,717
Seleccio Especial Vinyes Velles 2013,718
Idus 2017,719
Clos Martinet 2007,720
Clos Abella Seleccion Especial 2014,721
Pie Franco 2017,722
Amancio 2013,723
Malleolus de Sanchomartin 2007,724
Culmen Reserva Rioja 2001,725
Singular V Malcorta Verdejo 2020,726
Serral del Vell Brut Nature 2014,727
Pago Negralada 2009,728
Trasnocho 2014,729
Doix 2013,730
Seleccion Finca el Grajo Viejo 2016,731
Finca el Bosque 2014,732
La Poza de Ballesteros 2015,733
Millenium Reserva 2015,734
30 Years VORS Pedro Ximenez Sherry N.V.,735
Gaudium 1994,736
Vina del Olivo 2015,737
Finca el Bosque 2012,738
Malpuesto 2018,739
Valdegines 2018,740
Chafandin 2018,741
Vina El Pison 2007,742
Pago Negralada 2016,743
La Vina de Andres Romeo Rioja 2012,744
Pesus Ribera del Duero 2012,745
Regina Vides Ribera del Duero 2012,746
Delicado Cosecha Pedro Ximenez 2019,747
Quincha Corral 2016,748
Els Escurcons 2014,749
Rioja Reserva 2014,750
Idus 2018,751
Vinos Singulares Tempranillo Blanco Reserva 2014,752
Christina Ribera del Duero 2016,753
Desti 2018,754
Gran Reserva Classica Tinto 2001,755
Aquilon Garnacha 2014,756
Palo Cortado 1/10 N.V.,757
Rioja Blanco 2018,758
Seleccion de Anada Albarino Rias Baixas 2012,759
Albarino de Fefinanes III Ano 2017,760
Reserva Ribera del Duero 2018,761
Perpetual 2017,762
Cava Celler Batlle 2010,763
Seleccio Especial Vinyes Velles 2016,764
El Cel 2015,765
Montes Obarenes Seleccion Terroir 2016,766
Porrera Vi de Vila 2017,767
Gran Ribera del Duero 2010,768
Heretge Priorat 2017,769
Vinas Viejas 2018,770
La Poza de Ballesteros 2014,771
El Carretil 2010,772
Sibarita Oloroso Jerez-Xeres-Sherry 30 Years V.O.R.S N.V.,773
Pago de Santa Cruz Gran Reserva Ribera del Duero 2015,774
17 2018,775
Pesus Ribera del Duero 2011,776
Doix 2014,777
Les Tosses 2014,778
Cami Pesseroles 2007,779
La Poza de Ballesteros 2013,780
Clos del Portal Tros de Clos 2016,781
Pago de Santa Cruz 2019,782
La Basseta 2016,783
Classic 1996,784
Nit de Nin Mas d'en Cacador 2017,785
Minami 2016,786
Rioja Gran Reserva 904 1982,787
Vi de Vila Gratallops 2019,788
Acediano 2016,789
Cava Celler Batlle 2009,790
Classic 2012,791
Veguin de Murua Gran Reserva 2012,792
Doix 2015,793
Teixar 2015,794
Anada Pedro Ximenez 2018,795
Vina El Pison 1999,796
Clos del Portal Somni 2016,797
Les Manyes 2015,798
Emporda Aires de Garbet 2017,799
Montes de Toledo Syrah 2019,800
Torremilanos Coleccion Ribera del Duero 2014,801
Regina Vides Ribera del Duero 2010,802
Maceracion Con Pieles 2017,803
Don PX Pedro Ximenez 1986,804
Baron de Chirel Rioja Reserva 2003,805
Pie Franco 2018,806
La Cueva del Contador Rioja 2004,807
Clos Monlleo 2011,808
Calvario Rioja 2010,809
B.Rodriguez La-Cave Quo Vadis? N.V.,810
Blecua Somontano 2004,811
El Cel 2016,812
Rioja Reserva 10 Anos Despues Edicion Limitada 2011,813
El Carretil 2014,814
Perinet + Plus 2004,815
Priorat 1999,816
Vina El Pison 2001,817
Finca Dofi 2019,818
Castillo Ygay Gran Reserva Especial Tinto 1959,819
Cami Pesseroles 2008,820
Ribera del Duero Torralvo 2018,821
El Cabernet F - Familiar 2017,822
Premium 2018,823
Hipperia Red Blend 2018,824
Maria Ribera del Duero 2016,825
Vendimia Seleccionada 2019,826
Vina El Pison 2016,827
Clos Figueres 2017,828
Castillo de Monte la Reina Cuvee Privee 2015,829
Maria Ribera del Duero 2015,830
Amontillado Saca N.V.,831
Queiron Reserva Vinedos Familiares 2011,832
Cami Pesseroles 2011,833
Don PX Gran Reserva 1990,834
Seleccio Especial Vinyes Velles 2017,835
Llanos del Almendro Ribera del Duero 2011,836
Prado Enea Gran Reserva 1989,837
Prado Enea Gran Reserva 1991,838
Victorino 2019,839
Roda I Reserva Rioja 2017,840
Toro 2V Premium 2005,841
Rejon Tempranillo 2018,842
Les Eres Vinyes Velles 2015,843
Gran Reserva Classica Blanco 2012,844
The Artist 2016,845
Amontillado 30 Years Old V.O.R.S Sherry N.V.,846
La Comtesse de Pazo Barrantes Albarino 2017,847
Gratallops Partida Bellvisos 2007,848
Seleccion Especial 2018,849
5V Blanco 2019,850
Finca Butaros Vinya Centenaria 2015,851
Grans Muralles 2016,852
La Bienquerida 2018,853
El Carretil 2016,854
Seleccion Privada 2011,855
Seleccion Finca el Grajo Viejo 2017,856
Aponte Winemaker's Private Collection Tempranillo 2008,857
Cami de Cormes 2018,858
Kalamity Rioja 2017,859
1194 2016,860
Malabrigo Ribera del Duero 2018,861
Old & Plus Pedro Ximenez N.V.,862
Reserva Trajanvs 2016,863
Finca Dofi 1999,864
Granja Gran Reserva Rioja 2013,865
Emporda Gran Claustro 2015,866
Son Negre 2010,867
200 Monges Rioja Reserva 2012,868
Lalomba Finca Valhonta 2017,869
Manyetes 2017,870
Gran Reserva 2014,871
Serral del Vell Brut Nature 2016,872
Pago Valdebellon 2016,873
Cava Celler Batlle 2011,874
Pesus Ribera del Duero 2003,875
Les Tosses 2013,876
Guarda de Leda Seleccion Tempranillo 2015,877
Vinyes Altes Porrera 2016,878
5 Partides Gratallops Vi de La Vila 2014,879
Cava Ex-Vite Gran Reserva Brut 2010,880
Valbuena 5o 1982,881
Summa Edicion Limitada 2015,882
Cirerets 2019,883
Pago El Espino 2019,884
Gran Reserva 2015,885
Perez Pascuas Gran Reserva Seleccion 2015,886
Gloria Rioja 2011,887
Petra de Valpiedra Garnacha 2017,888
Alto de la Caseta 2015,889
Serral del Vell Brut Nature 2015,890
Rejon Tempranillo 2017,891
Mas de la Rosa 2016,892
Rioja B70 2014,893
Don Miguel 2016,894
Singular Negre 2015,895
Vinyes Altes Porrera 2017,896
Rioja Reserva Especial 1922,897
Rioja Cisma 2014,898
Seleccion Rioja 2018,899
Martires Rioja 2015,900
Cava Original Brut (Espumos) 2010,901
Marti Reserva Penedes 2015,902
Vina Ardanza Reserva Seleccion Especial 2015,903
Oloroso 30 Years Old V.O.R.S N.V.,904
Pozo Alto 2016,905
El Cristo de Samaniego 2017,906
El Belisario 2016,907
Baron de Ona Rioja Reserva 1995,908
Don PX Seleccion 1968,909
Gran Reserva 1978,910
Cepas Vellas Rias Baixas Albarino 2020,911
La Aguilera 2016,912
Pirata 2014,913
Blecua Somontano 2014,914
Hispania 2018,915
Arousa 2019,916
Las Cenizas Tempranillo 2018,917
Solanes Priorat 2003,918
Grandes Anadas Rioja 1994,919
Cami Pesseroles 2017,920
Cava Cuvee De Prestige Trepat 2019,921
Felix Azpilicueta Coleccion Privada 2019,922
Savinat Sauvignon Blanc 2019,923
Capricho Crianza 2017,924
Finca La Emperatriz Vinedo Singular Tinto 2017,925
Galena 2017,926
Rioja Reserva 1982,927
Solera PAP Palo Cortado Rare Sherry N.V.,928
Finca Helena 2015,929
Primordium 2012,930
Marti Reserva Penedes 2016,931
La Cuartilleja Reserva 2016,932
Malleolus de Sanchomartin 2018,933
Noble 2015,934
De Garage Rioja 2005,935
Gran Calzadilla 2010,936
4 Varietales Coleccion Rioja 2017,937
Oloroso N.V.,938
Aurus 1998,939
Don PX Pedro Ximenez 1973,940
Numerus Clausus 2012,941
Rioja Cisma 2012,942
200 Monges Rioja Seleccion Especial Reserva Blanco 2008,943
Don PX Gran Reserva 1994,944
Emporda Aires de Garbet 2018,945
Rioja Gran Reserva 1996,946
30 Years V.O.R.S Very Old Palo Cortado Blend Medium Sherry N.V.,947
Campus Gothorum 2017,948
La Pizca 2016,949
La Bota 90 de Manzanilla Pasada N.V.,950
Moradillo de Roa 2017,951
Cofradia 2014,952
Rioja Cisma 2009,953
Vinyes Altes Porrera 2009,954
Planella 2020,955
Gallaecia Rias Baixes Albarino 2017,956
Gran Reserva 1994,957
Monada 2013,958
Heretge Priorat 2018,959
Usted 2009,960
Martires Rioja 2017,961
Verdejo 2017,962
Vina Garugele 2015,963
Petit Verdot 2013,964
Barrica 2018,965
Voltons 2017,966
Valcavado de Traslascuestas 2014,967
Oscar Tobia Gran Reserva Rioja 2014,968
La Baixada 2018,969
La Cueva del Contador Rioja 2019,970
Seleccion 2012,971
Cava El Tros Nou Pinot Noir 2009,972
Manyetes 2018,973
Los Dominios de Berceo Prefiloxerico 2015,974
Old & Plus Amontillado N.V.,975
Don PX Convento Seleccion 1968,976
Sao Expressiu 2012,977
Onomastica Rioja Reserva 2014,978
Vina Arana Gran Reserva 2015,979
Carinena Parcela 15 Vinas Viejas 2017,980
Vobiscum 2015,981
La Navilla 2017,982
Merlot - Syrah 2016,983
Termanthia 2000,984
Baron de Chirel Rioja Reserva 2017,985
Pago de Las Costanas 2005,986
Rioja Blanco 2019,987
Vendimia Seleccionada 2020,988
Cava Gran Reserva Familiar Millenium Brut 2011,989
Zona Zepa Monastrell 2015,990
Petit Verdot 2016,991
Alma Tobia Blanco 2016,992
Reserva 1970,993
Garnacha Vinas Centenarias 2015,994
El Jardin de las Iguales Vinedo Historico Garnacha 2016,995
Silvanus Edicion Limitada Ribera del Duero 2015,996
Vina Ardanza Reserva 2009,997
Vina Ardanza Reserva 2012,998
Seleccion Especial 2016,999
Vina Tondonia Reserva 2008,1000
Toro 2010,1001
Rioja Gran Reserva 904 2004,1002
PSI 2018,1003
PSI 2017,1004
Seleccion Especial (Reserva) 2015,1005
3er Ano Ribera del Duero Tinto 2016,1006
Mas La Plana Cabernet Sauvignon 2015,1007
Numanthia 2015,1008
Ribera del Duero Una Cepa I 2015,1009
Reserva Tinto 2016,1010
Rioja Gran Reserva 2012,1011
Garnacha 2014,1012
Rioja Gran Reserva 904 1998,1013
Vina Arana Gran Reserva 2014,1014
Rioja Reserva 2006,1015
Vina Arana Gran Reserva 2012,1016
Bosque de Matasnos Etiqueta Blanca 2018,1017
Matusalem Sherry VORS N.V.,1018
Reserva Privada Rioja 2014,1019
Ribera del Duero Una Cepa I 2014,1020
Roda I Reserva Rioja 2008,1021
Reserva Seleccion de la Familia 2016,1022
Apostoles 30 Years Old Sherry N.V.,1023
200 Monges Rioja Reserva 2010,1024
Belondrade y Lurton 2015,1025
Vinas Viejas Verdejo 2016,1026
Victorino 2014,1027
Gran Reserva Rioja (Finca Ygay) 2011,1028
Gaudium 2012,1029
Triga 2014,1030
El Puntido 2014,1031
Don Guido Pedro Ximenez Solera Especial Aged 20 Years N.V.,1032
Reserva Seleccion de la Familia 2014,1033
Crianza Tinto 2019,1034
Rioja Gran Reserva 2013,1035
Vendimia 2016,1036
El Puntido 2015,1037
Dalmau Rioja 2012,1038
Dalmau Rioja 2013,1039
Gran Reserva Rioja 2011,1040
Torre Muga 2011,1041
Vinas Viejas Verdejo 2018,1042
Victorino 2013,1043
Rioja Gran Reserva 2014,1044
Priorat Vinyes Velles 2016,1045
Finca Dofi 2012,1046
San Vicente Rioja 2014,1047
Rioja Reserva 2017,1048
Vina Ardanza Reserva 2010,1049
Toro 2004,1050
200 Monges Rioja Reserva 2009,1051
El Puntido Gran Reserva 2006,1052
Gran Reserva Rioja (Finca Ygay) 2012,1053
An 2017,1054
Torre Muga 2014,1055
San Vicente Rioja 2007,1056
Priorat 2009,1057
La Baraja 2016,1058
Finca Malaveina 2017,1059
Gran Reserva Rioja (Finca Ygay) 2014,1060
Granja Gran Reserva Rioja 2009,1061
Reserva XR 2016,1062
Alenza Ribera del Duero Gran Reserva 2006,1063
Chardonnay Fermentado en Barrica 2019,1064
Vatan Tinta de Toro 2016,1065
A Mano Rioja 2016,1066
Baron de Chirel Rioja Reserva 2014,1067
Alicante Bouschet by Tarima 2017,1068
Reserva Ribera del Duero 2014,1069
Finca Dofi 2011,1070
Finca Dofi 2013,1071
Chardonnay Fermentado en Barrica 2018,1072
Oloroso Tradicion Vors 30 Years N.V.,1073
Seleccion de Anada Albarino Rias Baixas 2011,1074
Ribera del Duero TSM 2019,1075
Pago Valdebellon 2015,1076
Vinas Viejas 2016,1077
A Mano Rioja 2012,1078
Dominio de Atauta 2017,1079
Tierras de Cair Reserva 2012,1080
Crianza 2019,1081
Seleccion Finca el Grajo Viejo 2014,1082
Perpetual 2016,1083
Laurel 2017,1084
Priorat 2006,1085
Finca Dofi 2017,1086
Victorino 2011,1087
Seleccion La Aguilera 2016,1088
Finca Martelo 2015,1089
Priorat Vinyes Velles 2011,1090
Pedro Ximenez Murillo Seleccion del Centenario N.V.,1091
El Puntido 2016,1092
Pago Negralada 2015,1093
Mirto 2014,1094
Torre Muga 2005,1095
Vi de Vila Gratallops 2017,1096
Clos Martinet 2005,1097
Vi de Vila Gratallops 2016,1098
Ribera del Duero 2000,1099
I Gran Reserva 1964,1100
Rioja Gran Reserva 2015,1101
Roda Reserva Rioja 2004,1102
I Gran Reserva 1970,1103
Vinas Viejas Verdejo 2017,1104
Gran Reserva 1998,1105
Reserva 2013,1106
Rioja Vina Coqueta 2008,1107
Seleccion Finca el Grajo Viejo 2010,1108
Toro 2003,1109
Capellania Reserva 2016,1110
Torre Albeniz Reserva Ribera del Duero 2016,1111
Castillo Ygay Gran Reserva Especial Tinto 1998,1112
Finca El Otero 2016,1113
Familia Comenge Reserva 2016,1114
Gran Reserva Rioja (Finca Ygay) 2013,1115
Tierra Alta de 2 Cotas Reserva 2014,1116
Castillo Ygay Gran Reserva Especial Tinto 1989,1117
Fagus de Coto de Hayas Garnacha 2017,1118
Finca Terrerazo 2018,1119
Laurel 2018,1120
Finca Dofi 2009,1121
Priorat 2005,1122
Malabrigo Ribera del Duero 2015,1123
El Puntido 2017,1124
Godina Garnacha 2019,1125
Perez Pascuas Gran Reserva Seleccion 2011,1126
Rioja Gran Reserva 2010,1127
Porrera Vi de Vila 2012,1128
QS 2014,1129
Don Miguel Comenge Reserva 2011,1130
3.9 2017,1131
Numanthia 2016,1132
Montes de Toledo Syrah 2018,1133
Vi de Vila Gratallops 2018,1134
Finca Iscorta Gran Reserva 2010,1135
Finca Biniagual Veran 2017,1136
Brega Garnacha 2017,1137
Toro 2001,1138
Vina del Olivo 2011,1139
Cerro Anon Rioja Gran Reserva 2015,1140
Llanos del Almendro Ribera del Duero 2009,1141
Clos Martinet 2004,1142
Vatan Tinta de Toro 2018,1143
Chardonnay Fermentado en Barrica 2020,1144
Masdeu 2013,1145
Ribera Del Duero 2019,1146
Pantocrator 2010,1147
Senorio de Cuzcurrita Rioja 2017,1148
Finca Malaveina 2018,1149
Malpuesto 2017,1150
Silencio de Miros Ribera Del Duero 2015,1151
Pago Valdebellon 2014,1152
Clos Figueres 2012,1153
Castillo Ygay Gran Reserva Especial Tinto 1995,1154
Queiron Mi Lugar 2018,1155
Rioja Blanco 2016,1156
Purgatori Costers del Segre 2018,1157
Perfume de Sonsierra 2014,1158
Chafandin 2011,1159
Valdegines 2017,1160
Clos Martinet 2017,1161
Chardonnay Roure 2018,1162
Rioja Graciano 2015,1163
Clos Figueres 2016,1164
Clos Martinet 2010,1165
Castillo Ygay Gran Reserva Especial Tinto 1994,1166
Vendimia 2018,1167
ARX Arcos de la Frontera 2018,1168
La Bienquerida 2017,1169
Perez Pascuas Gran Reserva Seleccion 2012,1170
Navarra Reserva Coleccion 125 2015,1171
Suprema 30 Meses 2012,1172
Finca Dofi 2007,1173
Venus 2009,1174
Porrera Vi de Vila 2016,1175
Roda I Reserva Rioja 2001,1176
Finca Dofi 2000,1177
Clos Figueres 2015,1178
Pie Franco 2016,1179
Grillo 2012,1180
Prieto Picudo 2016,1181
Seleccio Especial Vinyes Velles 2014,1182
Emeritvs (Emeritus) 2011,1183
Rioja Blanco 2014,1184
Sofia 2018,1185
Finca Cuesta Clara Raro Reserva 2011,1186
Pagos Viejos 2013,1187
Fermentado En Barrica Blanco 2017,1188
Clos Martinet 2006,1189
Doix 2012,1190
Pago Valdebellon 2010,1191
Clos Martinet 2013,1192
Pagos Viejos 2001,1193
Ribera Del Duero Gran Reserva 2010,1194
Vinas Viejas de Soria Ribera Del Duero 2014,1195
Hipperia Red Blend 2016,1196
Clos Martinet 2012,1197
Vinya La Scala Gran Reserva Cabernet Sauvignon 2013,1198
Atteca Armas Garnacha Old Vines 2017,1199
Syrah (Shiraz) 2016,1200
Campo Eliseo 2009,1201
Vinas Viejas Tempranillo 2017,1202
Rioja Graciano 2016,1203
Delicado Cosecha Pedro Ximenez 2017,1204
Cepas Vellas Rias Baixas Albarino 2019,1205
Palmeri Navalta Garnacha 2016,1206
Rioja Blanco 2015,1207
Elite 2018,1208
Reserva 2002,1209
Gran Reserva 1995,1210
La Plazuela 2015,1211
Gran Reserva Ribera del Duero 2014,1212
Solar de Estraunza Reserva 2014,1213
III a.C 2011,1214
V2 Tinto 2007,1215
La Vina de Andres Romeo Rioja 2011,1216
Matallana 2014,1217
Rioja Norte 2010,1218
Roda I Reserva Rioja 2000,1219
Artigas 2019,1220
Chafandin 2017,1221
Julia 2018,1222
Clos Martinet 2003,1223
Jerez-Xeres-Sherry 30 Year Old Oloroso VORS N.V.,1224
Pancrudo 2019,1225
Aurea 2012,1226
Coleccion Syrah 2017,1227
Flor de Primavera Peraj Ha'abib 2018,1228
Altos de Losada El Cepon 2017,1229
Rioja Blanco 2013,1230
Gran Vino Blanco 2014,1231
Crianza Vendimia Seleccionada 2018,1232
Ribera del Duero Torralvo 2015,1233
Matallana 2016,1234
Finca Azaya Premium 2015,1235
Ribera del Duero Tinto 2005,1236
Clos Martinet 2018,1237
No. 20 2016,1238
Rioja Blanco 2011,1239
Montes Obarenes Seleccion Terroir 2015,1240
Els Escurcons 2015,1241
Clos Fonta Priorat 2015,1242
La Casilla Amontillado N.V.,1243
Palo Cortado N.V.,1244
Martelo Reserva 2015,1245
Classic 2010,1246
Acediano 2018,1247
Gloria Rioja 2010,1248
Vintage Albarino 2013,1249
Cardenal Palo Cortado VORS N.V.,1250
Finca la Atalaya Reserva 2017,1251
Tempranillo Reserva 2002,1252
Blecua Somontano 2011,1253
Priorat 2000,1254
Rioja Graciano 2017,1255
Grandes Anadas Rioja 1999,1256
Clos Cypres Vinyes Velles (Old Vines) 2015,1257
Castineiro Albarino 2017,1258
Amontillado V.O.R.S N.V.,1259
Altar 2008,1260
Toro Gran Elias Mora 2014,1261
Vinas Viejas de Soria Ribera Del Duero 2015,1262
Gran Vino Blanco 2004,1263
Arnau Oller Seleccio de la Familia 2016,1264
Roda Reserva Rioja 2018,1265
Nebro Ribera del Duero 2009,1266
Rioja Norte 2011,1267
Don PX Gran Reserva 1988,1268
Classic 2011,1269
Classic 1997,1270
Vina Tondonia Reserva 1964,1271
Las Lamas Bierzo (Corullon) 2016,1272
Orbus 2016,1273
La Bienquerida 2015,1274
Les Manyes 2014,1275
Finca Dofi 2003,1276
Malbec 2018,1277
Altos de Losada 2019,1278
Gran Vino Blanco 2016,1279
Reserva Especial Rioja 2010,1280
Aurus 2004,1281
QS 2017,1282
Priorat Vinyes Velles 2018,1283
Hiru 3 Rioja Racimos 2005,1284
Triaca 2013,1285
Prado Enea Gran Reserva 1982,1286
Amontillado 51-1a 30 Years VORS Sherry N.V.,1287
Cyclo 2018,1288
Maimo Garnatxa 2018,1289
Montes Obarenes Seleccion Terroir 2017,1290
Gran Reserva 890 1989,1291
Seleccion Privada 2015,1292
Nunci Negre 2013,1293
Oloroso Extra Viejo 1/7 N.V.,1294
Musivari Gran Reserva Brut Nature 2007,1295
Amaya Arzuaga (Coleccion) 2015,1296
Christina Ribera del Duero 2017,1297
La Cueva del Contador Rioja 2018,1298
San Vicente Rioja 2018,1299
Faustino de Autor Reserva Especial 1994,1300
Rioja Gran Reserva 904 1964,1301
Vinas Viejas Aguilera 2010,1302
Prado Enea Gran Reserva 1985,1303
Les Manyes 2013,1304
Juan Piernas Finca El Paso Malo Monastrell 2017,1305
Albarino Pedralonga 2020,1306
Vina del Olivo 2004,1307
Vinyes Velles de Samso 2016,1308
Hispania 2015,1309
Malvasia 2017,1310
Vina Ardanza Reserva 1985,1311
La Bota 69 de Amontillado N.V.,1312
Antigues Reserves 2000,1313
Regina Vides Ribera del Duero 2018,1314
Baron de Chirel Verdejo Vinas Centenarias 2018,1315
Gran Calzadilla 2009,1316
Alto de la Caseta 2008,1317
Clos Martinet 2002,1318
Masia Carreras Negre 2019,1319
Clos Monlleo 2007,1320
Milagros de Figuero 2016,1321
Las Botas Palo Cortado Horizontal N.V.,1322
Rioja Norte 2006,1323
La Riva Fino Balbaina Alta N.V.,1324
Coma Bruna 2017,1325
Vina Tondonia Gran Reserva 1981,1326
Palo Cortado de la Cruz de 1767 N.V.,1327
Grano a Grano Tempranillo 2016,1328
Voltons 2015,1329
Masdeu 2014,1330
S'Alou 2018,1331
Altos R Pigeage 2016,1332
Finca Monteviejo 2017,1333
Habis 2018,1334
5o Ano 2014,1335
Gaminde 2016,1336
Els Escurcons 2018,1337
Varietal Fermentacion Lenta 2019,1338
El Cordero y las Virgenes 2016,1339
Clos Fonta Priorat 2001,1340
Finca Las Comas Verdejo 2016,1341
Finca Dofi 1997,1342
La Poza de Ballesteros 2016,1343
Vinas Viejas de Soria Ribera Del Duero 2019,1344
Macan Clasico 2018,1345
Dalmau Rioja 2002,1346
Tomas Esteban 2010,1347
Prieto Picudo 2018,1348
Garnacha Tintorera 2017,1349
Cabernet 2012,1350
Porrera Vi de Vila 2018,1351
Les Manyes 2011,1352
Juegabolos 2017,1353
3.9 2018,1354
Sketch 2019,1355
Clos del Portal Somni 2008,1356
De Garage Rioja 2017,1357
Montsalvat 2007,1358
Galena 2018,1359
Sio Negre 2019,1360
Aurus 2001,1361
Chardonnay Uno 2012,1362
Vendimia Seleccionada 2015,1363
Nebro Ribera del Duero 2013,1364
Pago de Otazu Chardonnay Con Crianza 2018,1365
Verdejo Fermentado en Barrica 2020,1366
Rioja Gran Reserva 904 1970,1367
Don PX Pedro Ximenez 1999,1368
Vina Centenaria Mencia 2014,1369
Grans Muralles 2017,1370
Clos de L'Obac 2009,1371
Cerro del Lobo Syrah 2018,1372
Estrats 2012,1373
Masdeu 2016,1374
Regina Vides Ribera del Duero 2001,1375
Celia 2014,1376
Gaudium 1998,1377
Summum Monastrell 2019,1378
Doix 2002,1379
Finca La Herradura 2014,1380
Reserva Especial 2014,1381
Alma de Mar Albarino 2019,1382
Canasta 20 Anos Cream N.V.,1383
Rioja Anadas Frias 2016,1384
5o Ano 2016,1385
Suzzane Rioja 2019,1386
Castillo Ygay Gran Reserva Especial Tinto 1925,1387
Llanos del Almendro Ribera del Duero 2010,1388
Monreal 2015,1389
8 Vents Mallorca 2019,1390
Venus 2017,1391
Gran Reserva 890 1981,1392
Vd'O 1 Samso - Pissarra 2012,1393
Les Manyes 2012,1394
Tempranillo Reserva 2012,1395
La Cuartilleja Reserva 2015,1396
Cava Gran Reserva La Capella Brut 2010,1397
Coleccion No. 3 Cosecha 2014,1398
Albarino Sobre Lias 2015,1399
Nobbis 2019,1400
Rara Avis Prieto Picudo 2013,1401
Sensal 2020,1402
Campo Eliseo Blanco 2018,1403
Blanc de Neu 2016,1404
Reserva 1995,1405
La Mar 2019,1406
Las Lamas Bierzo (Corullon) 2017,1407
Vinas Viejas 2014,1408
T3rno Seleccion de 3 Parcelas Ribera del Duero 2017,1409
Clos Abella Seleccion Especial 2016,1410
Parcelas de Maturana Tinta Coleccion Rioja 2017,1411
Reserva Real 1998,1412
Attis Embaixador Albarino 2018,1413
Vitola Reserva 2016,1414
San Cucufate Monasterio 2017,1415
Tras Los Muros Albarino 2017,1416
CM Tinto 2017,1417
200 Monges Rioja Gran Reserva 2005,1418
Clos Adrien 2016,1419
Lalomba Finca Ladero 2016,1420
Oloroso En Rama N.V.,1421
El Reventon Cebreros 2016,1422
Amontillado Napoleon Vinos Viejos 30 Year Old Sherry N.V.,1423
200 Monges Edicion Exclusiva Blanco Reserva 2010,1424
Montsalvat 2005,1425
Eolic Sauvignon Blanc 2016,1426
Finca Valmediano Tinta de Toro 16 Meses Barrica 2012,1427
Cantos del Diablo 2018,1428
Teofilo Reyes Crianza 2019,1429
Falguera 2009,1430
Epistem No. 3 2016,1431
Angel Ribera del Duero 2015,1432
Pleret 2012,1433
A Torna dos Pasas Escolma Ribeiro 2016,1434
Costers Del Segre 1780 2017,1435
Ines 2010,1436
Ines 2014,1437
Honoris 2005,1438
Club Rioja Reserva 2012,1439
Camino del Abuelo Vinas Viejas 2013,1440
La Morera de San Lazaro 2016,1441
Tinto 2000,1442
Quintanilla 2016,1443
Vina Tondonia Reserva 2014,1444
Finca Los Quemados 2016,1445
Teofilo Reyes Crianza 2018,1446
Rioja Reserva 1985,1447
Albarino (O Rosal) 2021,1448
Les Manyes 2017,1449
Rioja 2005,1450
Rioja Reserva 1994,1451
Argila Reserva 3 Anys Brut Nature 2013,1452
Octogenarius 2014,1453
Finca La Pedrissa 2015,1454
Magister 2017,1455
Ribera del Duero Vendimia Seleccionada VT 2018,1456
Sibila 2017,1457
Emporda Reserva Especial Don Miguel Mateu 2015,1458
Cabrida Montsant 2018,1459
Suane Blanco 2017,1460
Cantos del Diablo 2017,1461
Pinot Noir 2017,1462
Cerro La Isa Blanco 2018,1463
Cuvee Verdejo 2018,1464
Tabuerniga 2018,1465
Seleccion Especial Verdejo 2021,1466
Coster d'en Fornos 2017,1467
Laderas de Inurrieta 2017,1468
El Velado Tinto 2017,1469
Pico de Luyas 2018,1470
Mas Via Gran Reserva Brut 2002,1471
Prado Enea Gran Reserva 1970,1472
Finca Cuesta Clara Raro Reserva 2016,1473
Naiades 2018,1474
Fuenmayor Gran Reserva 1959,1475
Dalmau Rioja 1996,1476
Rioja Reserva 1964,1477
Mirador de Navajas Reserva Rioja 2011,1478
Coleccion Roberto Amillo Amontillado N.V.,1479
1730 Amontillado N.V.,1480
Aurus 2011,1481
Cerro La Isa Garnacha 2018,1482
Nus del Terrer 2016,1483
Nivel 2018,1484
I Gran Reserva 1968,1485
Galia Clos Santuy 2017,1486
Seleccion 2016,1487
Pago de las Sabinas 2016,1488
Old & Plus Oloroso N.V.,1489
Coleccion Roberto Amillo Palo Cortado N.V.,1490
Alicante Bouschet by Tarima 2018,1491
Gueta-Lupia 2011,1492
Amancio 2002,1493
Cava Reserva Especial Chardonnay Brut Nature 2016,1494
Ribera del Duero Vendimia Seleccionada 2016,1495
No. 23 2017,1496
Las Iruelas El Tiemblo 2018,1497
Cantos del Diablo 2016,1498
Diego Magana 2020,1499
Graciano 2012,1500
Cerro Las Cuevas Seleccion Terroir 2019,1501
Pena Lobera 2018,1502
Altos R Pigeage Graciano 2016,1503
Ronda 2015,1504
Nisia Las Suertes Verdejo Old Vines 2020,1505
Territori 2019,1506
Alomado 2018,1507
Octogenarius 2015,1508
Gran Reserva 2000,1509
Pinot Noir 2020,1510
Senda de Los Olivos Roble 2020,1511
Mucho Mas Tinto N.V.,1512
Rioja Reserva 2016,1513
Vina Ardanza Reserva 2007,1514
Reserva Rioja (Finca Ygay) 2016,1515
Reserva 2012,1516
Vina Ardanza Reserva 2008,1517
Coto de Imaz Rioja Gran Reserva 2012,1518
PSI 2016,1519
Vina Alberdi Reserva 2015,1520
Seleccion Especial 2014,1521
Rias Baixas Albarino Atlantico 2019,1522
Crianza 2016,1523
Ribera del Duero Crianza 2016,1524
Vina Alberdi Reserva 2016,1525
Rioja Reserva 2015,1526
27 Ribera del Duero 2016,1527
Terras Gauda O Rosal 2020,1528
27 Ribera del Duero 2017,1529
Ribera del Duero Crianza 2017,1530
Salmos 2016,1531
Crianza Tinto 2017,1532
Rioja Gran Reserva 2007,1533
Vina Bosconia Reserva 2008,1534
Red 2011,1535
Vina Bosconia Reserva 2007,1536
Mas La Plana Cabernet Sauvignon 2010,1537
Roda Reserva Rioja 2015,1538
Roda Reserva Rioja 2012,1539
Jumilla Blue Label 2015,1540
Jumilla Blue Label 2018,1541
Jumilla Blue Label 2017,1542
I Gran Reserva 1994,1543
Crianza 2017,1544
La Atalaya del Camino 2017,1545
27 Ribera del Duero 2018,1546
Roda Reserva Rioja 2013,1547
Gran Reserva 2012,1548
Rioja 150 Aniversario 2010,1549
Toro 2006,1550
Roda Reserva Rioja 2014,1551
Veraton Garnacha 2014,1552
Vina Bosconia Reserva 2009,1553
Alexander vs. The Ham Factory 2016,1554
PSI 2019,1555
Veraton Garnacha 2018,1556
Vina Alberdi Crianza 2015,1557
Taberner Tierra de Cadiz 2014,1558
Rioja Gran Reserva 2011,1559
Capellania Reserva 2015,1560
Finca El Otero 2014,1561
Dominio de Atauta 2016,1562
Finest Old Harvest Medium N.V.,1563
Taberner Tierra de Cadiz 2015,1564
Ribera del Duero Red 2015,1565
Bosque de Matasnos Etiqueta Blanca 2017,1566
Corimbo I 2014,1567
Crianza 2018,1568
La Atalaya del Camino 2019,1569
Vina Tondonia Reserva Blanco 2005,1570
Reserva 5 Ano 2015,1571
Malleolus 2014,1572
Del Duque Amontillado Sherry VORS N.V.,1573
Les Terrasses Velles Vinyes Priorat 2017,1574
Salmos 2017,1575
Numanthia 2013,1576
Les Terrasses Laderas de Pizarra 2016,1577
Inici 2017,1578
Mas La Plana Cabernet Sauvignon 2016,1579
Corimbo I 2011,1580
5 Finques (Fincas) Reserva 2017,1581
Corimbo I 2013,1582
QS 2010,1583
Martinet Bru (Garnatxa - Syrah) 2019,1584
Vina Ardanza Reserva 2000,1585
El Puntido 2013,1586
Ribera del Duero 2019,1587
Finca Dofi 2015,1588
Reserva 5 Ano 2014,1589
Ribera Del Duero Reserva 2012,1590
Roda Reserva Rioja 2017,1591
Angeles de Amaren Tempranillo - Graciano 2015,1592
Reserva Rioja (Finca Ygay) 2017,1593
Ribera del Duero Crianza 2019,1594
Reserva XR 2015,1595
Purgatori Costers del Segre 2016,1596
Purgatori Costers del Segre 2017,1597
Mirto 2012,1598
Vinas Viejas Verdejo 2015,1599
Bassus Pinot Noir 2017,1600
Sericis Cepas Viejas Monastrell 2017,1601
Finca Malaveina 2016,1602
Ribera del Duero Red 2018,1603
Rioja Gran Reserva 2008,1604
Rioja Gran Reserva 2009,1605
Bassus Pinot Noir 2018,1606
QS 2007,1607
Rioja Reserva Fincas de Ganuza 2014,1608
Summum Monastrell 2017,1609
Altos de Losada 2017,1610
Finca Dofi 2014,1611
Coto de Imaz Rioja Gran Reserva 2015,1612
El Viejo 2012,1613
Corpinnat Terrers Brut Nature 2017,1614
Dos Cortados Palo Cortado Solera Especial Aged 20 Years N.V.,1615
Vi de Vila Gratallops 2015,1616
Vi de Vila Gratallops 2014,1617
Gran Reserva Rioja (Finca Ygay) 2010,1618
Oscar Tobia Reserva Rioja 2015,1619
Rioja Satinela Blanco Semidulce 2020,1620
Finca Malaveina 2012,1621
Red 2008,1622
Clos del Portal Negre de Negres 2017,1623
Corpinnat Terrers Brut Nature 2016,1624
Martelo Reserva 2014,1625
Solideo 2015,1626
Preludio 2017,1627
Reserva Tempranillo 2011,1628
Coma Vella Priorat 2014,1629
Las Ocho (8) Tinto 2017,1630
Pago de los Balagueses Syrah 2017,1631
Bagus Ribera del Duero 2012,1632
Formiga de Vellut 2018,1633
Tierra Alta En 2 Maderas 2017,1634
Pago El Espino 2017,1635
Propiedad  Rioja 2017,1636
Reserva Especial Icon Edition 2014,1637
Antique Palo Cortado N.V.,1638
El Viejo 2017,1639
Vina Lanciano Reserva 2015,1640
An 2016,1641
Artigas 2017,1642
200 Monges Rioja Reserva 2005,1643
Preludio 2018,1644
Jalifa Amontillado Rare Old Dry Solera Especial Aged 30 Years N.V.,1645
Rejon Tempranillo 2012,1646
La Felisa 2018,1647
A Mano Rioja 2009,1648
Milmanda 2015,1649
Terras Gauda O Rosal 2021,1650
Seleccion de Anada Albarino Rias Baixas 2008,1651
Seleccion Especial (Reserva) 2004,1652
Reserva 2009,1653
3.9 2016,1654
Rias Baixas Albarino Atlantico 2021,1655
Envidiacochina (Tete de Cuvee) 2019,1656
Adaro 2017,1657
Ribera del Duero Red 2017,1658
Clos del Portal Negre de Negres 2018,1659
Monastrell - Syrah Finca Espolla 2016,1660
Casa Cisca Monastrell 2011,1661
Santa Rosa 2017,1662
Roc Nu 2011,1663
Coleccion Privada 2012,1664
Rioja Reserva 2004,1665
Altos de Losada 2018,1666
Rias Baixas Albarino Finca Valinas 2015,1667
Vina Alberdi Crianza 2018,1668
Corimbo I 2015,1669
Gran Reserva Rioja 2012,1670
Candela Cream Dulce Sweet N.V.,1671
Clos del Portal Somni 2014,1672
Mirto 2011,1673
El Viejo 2019,1674
Valdegines 2016,1675
Rioja Graciano 2011,1676
Les Brugueres 2018,1677
Finca Terrerazo 2017,1678
Preludio 2016,1679
El Puntido 2005,1680
